City/Town,Dropbox Address,Instructions,,QAer,Zip,How was this information gathered?(inlcude link if found on web),Name ,Email,Campaign Email Info,Number,Campaign Number Info,No Drop Box Ask,Where is the Drop Box located?,Has Dropbox? ,No Info
YARMOUTH,1146 Route 28,The dropbox is located at the side entrance of the building. Do not put ballots in the USPS mail box at the front door.,,Ahmad,(zero)2644,email,Susan Regan,sregan@yarmouth.ma.us,pgaudet@yarmouth.ma.us,508-398-2231 x 1216,,Do you have a secure drop box for ballots?  What is the address and location on site?,,Yes,
SOUTH HADLEY,116 Main Street,The dropbox is located right outside of the town office.,,Ahmad,(zero)1075,southhadley.org/DocumentCenter/View/6843/Fall-2020-Elections-Voter-Options-Guide-912020,Carlene Hamlin,chamlin@southhadleyma.gov,sgmeiner@southhadleyma.gov,413-538-5017 x 115,413-538-5017,Do you have a secure drop box for ballots?  What is the address and location on site?,,Yes,
SUNDERLAND,12 School Street,The dropbox is located at the rear of the town office.,,Ahmad,(zero)1375,email,,townclerk@townofsunderland.us,,413-665-1442,,Do you have a secure drop box for ballots?  What is the address and location on site?,,Yes,
WARE,126 Main St.,"The dropbox is located at the lower level offices of the town hall. Voters should bring their ballots during daytime hours, Monday through Friday, rather than leave them overnight or on the weekend.",,Ahmad,(zero)1082,email,,ntalbot@townofware.com,,413-967-9648 x 103,,Do you have a secure drop box for ballots?  What is the address and location on site?,,Yes,
QUINCY,"1305 Hancock St, 2nd floor, Quincy","There are two dropboxes; one is outside and to the right of the city clerk's office, the other is inside the office.",,Ahmad,,Nolan O'brien,Nicole L. Crispo,ncrispo@quincyma.gov,ncrispo@quincyma.gov,617-376-1131,,,,Yes,
WENHAM,138 Main Street,The dropbox is to the right of the main entrance of the town hall.,,Ahmad,(zero)1984,email,,dbucco@wenhamma.gov,,978-468-5520 x 1,,Do you have a secure drop box for ballots?  What is the address and location on site?,,Yes,
ROWLEY,139 Main Street,The dropbox is at the foot of the stairs on the side of the building facing the cemetery,,Ahmad,(Zero)1969,phone call with town clerk,,townclerk@townofrowley.org,,978-948-2081,(978) 948-2081,Do you have a secure drop box for ballots?  What is the address and location on site?,,Yes,
MARLBOROUGH,140 Main Street ,The dropbox is located inside the city clerk's office.,,Ahmad,1752,From volunteer (Barb Allen),Steven W. Kerrigan,cityclerk@marlborough-ma.gov,cityclerk@marlborough-ma.gov,508-460-3775,(508) 460-3775,,,Yes,
SOMERSET,140 Wood Street,"The dropbox is located at the parking lot of the town office, nearest of the elevator lobby.",,Ahmad,(zero)2726,email,Dolores Berge,dberge@town.somerset.ma.us,,508-646-2818,,Do you have a secure drop box for ballots?  What is the address and location on site?,,Yes,
SANDWICH,145 Main Street,The dropbox is by the sidewalk just outside of building's main entrance.,,Ahmad,2563,,,townclerk@sandwichmass.org,townclerk@sandwichmass.org,508-888-0340,508-888-0340,Do you have a secure drop box for ballots?  What is the address and location on site?,,Yes,
MONTGOMERY,161 Main Road ,The dropbox is by the front door.,,Ahmad,1085,SOS,,montgomerymass@rcn.com,,413-862-4478,,,,Yes,
LUNENBURG,17 Main Street,The dropbox is to the right of the main entrance.,,Ahmad,1462,City Outreach Project,,townclerk@lunenburgonline.com,,978-582-4130 x 4,,,,Yes,
SOUTHAMPTON,210 College Hwy,The dropbox is at the bottom of the main stairs of the town hall beside the town clerk's office.,,Ahmad,(zero)1073,email,Luci Dalton,townclerk@townofsouthampton.org,townclerk@townofsouthampton.org,413-527-8392,413-527-8392,Do you have a secure drop box for ballots?  What is the address and location on site?,,Yes,
TOLLAND,241 W. Granville Rd.,"There is no dropbox; you must drop your ballot in the slot at the front entrance, facing Route 57. ",,Ahmad,(zero)1034,email,Susan Voudren,townclerk@tolland-ma.com,,413-258-4794 x 102,,Do you have a secure drop box for ballots?  What is the address and location on site?,,Yes,
PLYMPTON,"3 Palmer Rd, Town Hall",,,Ahmad,,Kathy LaNatra,,town_clerk@town.plympton.ma.us,,781-585-3220,,Do you have a secure drop box for ballots?  What is the address and location on site?,,Yes,x
BROOKLINE,333 Washington Street,The dropbox is by the front door of the town hall.,,Ahmad,2445,,,pward@brooklinema.gov,pward@brooklinema.gov,617-730-2010,617-730-2010,,,Yes,
TISBURY,51 Spring St.,There is no dropbox; you must deliver your ballot at the service window at the town hall.,,Ahmad,(zero)2568,email,Hillary Conklin,hconklin@tisburyma.gov,,508-696-4215,,Do you have a secure drop box for ballots?  What is the address and location on site?,,No,
AVON,65 East Main Street ,,,Ahmad,,,Patricia Bessette,pbessette@avon-ma.gov,,508-588-0414 x 1013,,,"We know that you have a drop box for ballots.  Can you explain where it's located at the given address? (Record in ""Instructions"" Column L)",Yes,y
SWANSEA,81 Main Street,"Dropbox is being ordered, accepting ballots at the Swansea Town Hall – side door. Anyone delivering ballots is asked to call our office when they get here and we will meet them at the door to accept because we are still closed to the public. Accepting ballots Mon-Fri from 9am to 4pm and until 5pm on Wednesday.",,Ahmad,(zero)2777,email,Diane Pelland,dpelland@town.swansea.ma.us,,508-678-9389 x 2,508-678-9389 x 2,Do you have a secure drop box for ballots?  What is the address and location on site?,,No,
MARSHFIELD,870 Moraine Street,There is no dropbox; you must deliver your ballot at the town clerk's service window.,,Ahmad,2050,https://marshfield.wickedlocal.com/news/20200531/town-clerks-push-early-voting,Narice Casper,ncasper@townofmarshfield.org,Direct email option,781-834-5540,,,,Yes,
BOURNE,"Back of Town Hall in secure black box, 24 Perry Avenue",The dropbox is outside and behind the town hall.,,Ahmad,,Through a volunteer,,bjohnson@townofbourne.com,Direct email option,508-759-0600 x 1505,,,,Yes,
CAMBRIDGE,"Cambridge Elections Commission, 51 Inman St, Cambridge",There is no dropbox; you must deliver your ballot any day between 8am and 8pm. ,,Ahmad,2139,https://www.cambridgema.gov/covid19/Voting,Lesley Waxman,elections2@cambridgema.gov,cityclerk@cambridgema.gov,617-349-4361, 617-349-4260,,,Yes,
WOBURN,"City Hall, 10 Common St","The dropbox is toward the rear of city hall, to the right of the door which is marked with signs. ",,Ahmad,1801,https://www.woburnma.gov/news/2020/08/state-primary-election-2020-early-voting-mail-in-ballots-and-voter-registration/,,wcampbell@cityofwoburn.com,wcampbell@cityofwoburn.com,781-897-5850,,,,Yes,
NORTH ADAMS,"City Hall, 10 Main Street ",There are two dropboxes; one is by the fron entrance of city hall and the other is at the side entrance. ,,Ahmad,1247,SOS,,city_clerk@northadams-ma.gov,city_clerk@northadams-ma.gov,413-662-3000 x 1,413-662-3000 x3015,,,Yes,
NEWTON,"City Hall, 1000 Commonwealth Avenue",The dropbox is outside the front of city hall.,,Ahmad,2459,Martina,,elections@newtonma.gov,dolson@newtonma.gov  ,617-796-1200,(617) 796-1200 ,,,Yes,
NEW BEDFORD,"City Hall, 133 William Street",,,Ahmad,2740,,,manuel.debrito@newbedford-ma.gov,,508-979-1420,,,"We know that you have a drop box for ballots.  Can you explain where it's located at the given address? (Record in ""Instructions"" Column L)",Yes,y
GREENFIELD,"City Hall, 14 Court Square",The dropbox is beside an accessibility ramp on the right side of city hall and to the left of an entrance.,,Ahmad,1301,SOS,,townclerk@greenfield-ma.gov,townclerk@greenfield-ma.gov,413-772-1555 X 6162,413-772-1555,,,Yes,
FITCHBURG,"City Hall, 166 Boulder Drive",Red Mail-Drop Box in front of City Hall,,Ahmad,1420,,,mdealderete@fitchburgma.gov,cityclerk@fitchburgma.gov,978-829-1820,978-829-1820,,"We know that you have a drop box for ballots.  Can you explain where it's located at the given address? (Record in ""Instructions"" Column L)",Yes,
NORTHAMPTON,"City Hall, 210 Main Street","The dropbox is beside the side entrance of city hall, located on Crafts Avenue.",,Ahmad,1060,SOS,Pamela Powers,cclerk@northamptonma.gov,,,413-587-1223,,,Yes,
MALDEN,"City Hall, 215 Pleasant Street",The dropbox is inside the lobby of city hall.,,Ahmad,2148,,Greg Lucey,glucey@cityofmalden.org,glucey@cityofmalden.org,781-397-7116,781-397-7116,,,Yes,
PEABODY,"City Hall, 24 Lowell Street",,,Ahmad,1960,,,allyson.danforth@peabody-ma.gov,,978-538-5750,978-538-5756,,"We know that you have a drop box for ballots.  Can you explain where it's located at the given address? (Record in ""Instructions"" Column L)",Yes,y
SPRINGFIELD,"City Hall, 36 Court Street","The dropbox is behind city hall, beside a white tent.",,Ahmad,(zero)1103,email,Gladys Oyola,goyola@springfieldcityhall.com,elections@springfieldcityhall.com,413-787-6190,,Do you have a secure drop box for ballots?  What is the address and location on site?,,Yes,
METHUEN,"City Hall, 41 Pleasant Street ","The dropbox is outside city hall, at the ground level entrance.",,Ahmad,1844,SOS,,jjwilson@ci.methuen.ma.us,Direct email option,978-983-8515,978-983-8515,,,Yes,
BROCKTON,"City Hall, 45 School St",The dropbox is outside and nearest to the basement entrance of city hall.,,Ahmad,2301,Allyne Pecevich,Cynthia Hogan,elections@cobma.us,Direct email option,508-580-7117,,,,Yes,
WORCESTER,"City Hall, 455 Main St ",There are several dropboxes; one is beside the garage entrance of city hall and the others are at early voting locations.,,Ahmad,(zero)1608,email and http://www.worcesterma.gov/elections/your-vote-counts,Niko Vangjeli,elections@worcesterma.gov,clerk@worcesterma.gov,508-799-1134,,Do you have a secure drop box for ballots?  What is the address and location on site?,,Yes,
HOLYOKE,"City Hall, 536 Dwight Street ",The dropbox is beside the back entrance of city hall.,,Ahmad,1040,SOS,,mcgeeb@holyoke.org,mcgeeb@holyoke.org,413-322-5540,413-322-5520,,,Yes,
WESTFIELD,"City Hall, 59 Court Street","The dropbox is located by the sidewalk in the parking lot, nearest to the accessibility ramp.",,Ahmad,(zero)1085,email,Karen Fanion,k.fanion@cityofwestfield.org,k.fanion@cityofwestfield.org,413-572-6266,,Do you have a secure drop box for ballots?  What is the address and location on site?,,Yes,
WALTHAM,"City Hall, 610 Main Street",The dropbox is beside the back entrance of city hall.,,Ahmad,2452,https://www.city.waltham.ma.us/elections/pages/2020-early-voting-by-mail,,cityclerks@city.waltham.ma.us,,781-314-3120,781-314-3120,,,Yes,
AMESBURY,"City Hall, 62 Friend Street",The dropbox is beside the front entrance of city hall.,,Ahmad,1913,,,clerklist@amesburyma.gov,Direct email option,978-388-8100,,,,Yes,
WEYMOUTH,"City Hall, 75 Middle St",Voters would be allowed to return a primary or election ballot to the town clerk’s office or place it in a secure drop box inside the building.,,Ahmad,2189,https://weymouth.wickedlocal.com/news/20200618/proposed-law-would-expand-early-voting-in-weymouth,Christine Rose,kderee@weymouth.ma.us,,781-340-5017,,,,Yes,
ATTLEBORO,"City Hall, 77 Park Street",The dropbox is beside the Pine Street entrance of city hall.,,Ahmad,2703,SOS,,elections@cityofattleboro.us,cityclerk@cityofattleboro.us,508-223-2222 x 3271,"508-223-2222, ext. 3111",,,Yes,
MEDFORD,"City Hall, 85 George P. Hassett Drive",,,Ahmad,2155,,,ahurtubise@medford-ma.gov,AHurtubise@medford-ma.gov,781-393-2491,(781) 393-2425,,"We know that you have a drop box for ballots.  Can you explain where it's located at the given address? (Record in ""Instructions"" Column L)",Yes,y
SOMERVILLE,"City Hall, 93 Highland Ave ",The dropbox is beside the School Street entrance of city hall.,,Ahmad,2143,SOS,,nsalerno@somervillema.gov,cityclerk@somervillema.gov,617-625-6600 x 4200,(617) 625-6600 ext 4100,,,Yes,
GARDNER,"City Hall, 95 Pleasant Street ",,,Ahmad,1440,,Alan Agnelli,aagnelli@gardner-ma.gov,,978-630-4058,,,"We know that you have a drop box for ballots.  Can you explain where it's located at the given address? (Record in ""Instructions"" Column L)",Yes,y
LYNN,City Hall: 3 City Hall Square ,The dropbox is beside the accessibility entrance of city hall.,,Ahmad,1901,Phone Call,Karen Richard,krichard@lynnma.gov,Direct email option,781-586-6805,-,Do you have a secure drop box for ballots?  What is the address and location on site?,,Yes,x
LOWELL,City Hall: 375 Merrimack St.,It's located alongside the back of the building on Arcand Drive.,,Ahmad,1852,Phone Call,Elliott Veloso - Interim Director of Elections,Elections@lowellma.gov,Direct email option,978-674-1197, 978-674-4161,Do you have a secure drop box for ballots?  What is the address and location on site?,,Yes,x
RUTLAND,"Community Hall, 250 Main Street",The dropbox beside the accessibility entrance of community hall.,,Ahmad,"(zero)1543
",email,Anita Carlson,acarlson@townofrutland.org,,508-886-4104,,Do you have a secure drop box for ballots?  What is the address and location on site?,,Yes,
ARLINGTON,"East Arlington - Outside the Fox Branch Library (175 Massachusetts Ave)
• Arlington Center - In front of Town Hall (on the lower plaza) • Arlington Heights - Outside ACMI Studios (85 Park Avenue)",,,Ahmad,,https://www.arlingtonma.gov/home/showdocument?id=52406,Ray Santilli,rsantilli@town.arlington.ma.us,,781-316-3071,,,,Yes,
SALEM,"Fire Station – Central Headquarters, 48 Lafayette St.; Fire Station #5 – 64 Loring Ave.; Fire Station #4 – 415 Essex Street; Fire Station #2 – 142 North St.; City Hall – 93 Washington St.",,,Ahmad,,City Outreach Project,Ilene Simons,isimons@salem.com,isimons@salem.com,978-745-9595 x 41202,978-745-9595 Ext. 41200,,,Yes,
PELHAM,"Location 1:  Community Building Library Complex, 2 South Valley Road; Location 2: Offices/Rhodes Building, 51 Amherst Road ",,,Ahmad,1002,SOS,,pelhamtownclerk@comcast.net,pelhamtownclerk@comcast.net,413-253-0512,(413) 253-0512,,,Yes,
HAVERHILL,"Location 1: City Hall, 4 Summer Street (Back of Building); Location 2: Police Department, 40 Bailey Blvd. (Inside lobby)",,,Ahmad,,SOS,James Blatchford,cityclerk@cityofhaverhill.com,lkoutoulas@cityofhaverhill.com,978-374-2312 x 1,,,,Yes,
SUDBURY,"Location 1: Town Hall, 322 Concord Road; Location 2: Goodnow Library, 21 Concord Road (Library Book Drop) ",,,Ahmad,1776,SOS,,clerk@sudbury.ma.us,clerk@sudbury.ma.us,978-639-3351,(978) 639 - 3351,,,Yes,
FRAMINGHAM,"Memorial Building, 150 Concord Street","The dropbox is in rear of the building, beneath a banner that reads ""Drop Election Ballot Here"" in English, Spanish, and Portuguese.",,Ahmad,,https://www.framinghamma.gov/3069/City-Election-Drop-Box-Information,Lisa Ferguson,cityclerk@framinghamma.gov,cityclerk@framinghamma.gov,508-532-5521,508-532-5520,,,Yes,
BOSTON,"Multiple locations. Location 1: Boston City Hall, 1 City Hall Plaza",There are several dropboxes; you can drop off your ballot at any of Boston's early voting sites. Locations are here: https://www.sec.state.ma.us/EarlyVotingWeb/EarlyVotingSearch.aspx,,Ahmad,,,,election@boston.gov,MAUREEN.FEENEY@BOSTON.GOV,617-635-3767 x 4,"
617-635-4601",,,Yes,
EASTHAMPTON,"Municipal Building, 50 Payson Avenue",,,Ahmad,1027,City Outreach Project,,cityclerk@easthampton.org,cityclerk@easthamptonma.gov,413-529-1460,"(413) 529-1400, ext. 460",,"We know that you have a drop box for ballots.  Can you explain where it's located at the given address? (Record in ""Instructions"" Column L)",Yes,y
BELLINGHAM,Municipal Center: 10 mechanic st.,"Thre are two dropboxes; one at the front entrance of the municipal center, the other in a ""drive-up, drop-off"" area inside th parking lot. ",,Ahmad,(zero)2019,Phone call,,townclerk@bellinghamma.org,townclerk@bellinghamma.org,508-657-2830,508-657-2831,Do you have a secure drop box for ballots?  What is the address and location on site?,,Yes,x
WESTMINSTER,"No drop box for September 1 votes, in process of installing one for November 3. Please contact your town clerk at the email address below to find out where to drop your ballot.",bhaley-cormier@westminster-ma.gov,,Ahmad,,email,,bhaley-cormier@westminster-ma.gov,esheehan@westminster-ma.gov,978-874-7406,,Do you have a secure drop box for ballots?  What is the address and location on site?,,No,
WESTHAMPTON,"No drop box for September 1 votes, in process of installing one for November 3. Please contact your town clerk at the email address below to find out where to drop your ballot.",clerk@westhamptonma.org,,Ahmad,,email,Cheryl Provost,clerk@westhamptonma.org,,413-203-3080,,Do you have a secure drop box for ballots?  What is the address and location on site?,,No,
LANCASTER,Old Town Hall: 695 Main Street,The dropbox is beside the accessibility entrance of the town hall.,,Ahmad,(zero)1523,https://www.ci.lancaster.ma.us/sites/g/files/vyhlif4586/f/uploads/town_clerk_news_state_primary.pdf,Dianne Reardon,townclerk@lancasterma.net,,978-365-3326 x 1013,,Do you have a secure drop box for ballots?  What is the address and location on site?,,Yes,x
PROVINCETOWN,Please contact your town clerk at the email address below to find out where to drop your ballot.,aruiz@provincetown-ma.gov,,Ahmad,,,,aruiz@provincetown-ma.gov,,508-487-7013 x 524,,Do you have a secure drop box for ballots?  What is the address and location on site?,,,x
WEBSTER,350 Main St,The dropbox is beside the parking lot ramp of the town hall.,,Ahmad,,,,bcraver@webster-ma.gov,,508-949-3800 x 4003,,Do you have a secure drop box for ballots?  What is the address and location on site?,,,x
FOXBOROUGH,Town Hall: 40 South Street,There is no dropbox; you must deliver your ballot at the slot in the front entrance of the town hall.,,Ahmad,,,,bcutler@foxboroughma.gov,,508-543-1208,,Do you have a secure drop box for ballots?  What is the address and location on site?,,,x
NORTH ATTLEBOROUGH,Town Hall: 43 S Washington St.,The dropbox is outside and beside the back entrance of the town hall.,,Ahmad,,,,boardofelections@nattleboro.com,,508-699-0142,,Do you have a secure drop box for ballots?  What is the address and location on site?,,,x
NORTH READING,Town Hall: 235 North Street,The dropbox is outside and beside the front entrance of the town hall.,,Ahmad,,,,bstats@northreadingma.gov,,978-357-5217,,Do you have a secure drop box for ballots?  What is the address and location on site?,,,x
TRURO,24 Town Hall Rd,The dropbox is outside and to the left of the front entrance of the town hall.,,Ahmad,,,,caslade@truro-ma.gov,,508-349-7004 x 114,,Do you have a secure drop box for ballots?  What is the address and location on site?,,,x
FAIRHAVEN,Town Hall: 40 Center Street,There is no dropbox; you must deliver your ballot at the mail slot in the front entrance of the town hall.,,Ahmad,,,,churley@fairhaven-ma.gov,,508-979-4023 x 105,,Do you have a secure drop box for ballots?  What is the address and location on site?,,,x
AGAWAM,"Town Hall, 36 Main Street",clerk@agawam.ma.us,,Ahmad,,,Vince Gioscia,clerk@agawam.ma.us,,413-786-0400 x 8215,,Do you have a secure drop box for ballots?  What is the address and location on site?,,,x
AYER,Town Hall: 1 Main Street,"There are two dropboxes located outside both entrances of the town hall; on Main Street and Columbia
Street.",,Ahmad,,,,clerk@ayer.ma.us,,978-772-8215,(978) 772-8215,Do you have a secure drop box for ballots?  What is the address and location on site?,,,x
BURLINGTON,"Town Hall, 29 Center Street","There are several dropboxes located at the front steps, the left side door, and the right side door of the town hall.",,Ahmad,,,,clerk@burlington.org,awarfield@burlington.org,781-270-1660,781-270-1663,Do you have a secure drop box for ballots?  What is the address and location on site?,,,x
GOSHEN,Please contact your town clerk at the email address below to find out where to drop your ballot.,clerk@goshen-ma.us,,Ahmad,,,Kristen Estelle,clerk@goshen-ma.us,,413-268-8236 x 107,,Do you have a secure drop box for ballots?  What is the address and location on site?,,,x
HINSDALE,"Town Hall, 39 South Street","The dropbox is located to the left of the side entrance of the town hall, nearest the upper parking lot.",,Ahmad,,,,clerk@hinsdalema.gov,,413-655-2301,,Do you have a secure drop box for ballots?  What is the address and location on site?,,,x
MONTEREY,Town Hall: 435 Main Road,clerk@montereyma.gov,,Ahmad,,,,clerk@montereyma.gov,,413-528-1443 x 113,,Do you have a secure drop box for ballots?  What is the address and location on site?,,,x
NORWOOD,Please contact your town clerk at the email address below to find out where to drop your ballot.,clerk@norwoodma.gov,,Ahmad,,,,clerk@norwoodma.gov,,781-762-1240 x 152,,Do you have a secure drop box for ballots?  What is the address and location on site?,,,x
ALFORD,Town Hall: 5 Alford Center Road,clerk@townofalford.org,,Ahmad,,,,clerk@townofalford.org,,413-528-4536,,Do you have a secure drop box for ballots?  What is the address and location on site?,,,x
BARRE,"Henry Woods Building, 40 West St.",The dropbox is located to the right of the stairs at the front entrance of the building.,,Ahmad,,,,clerk@townofbarre.com,,978-355-2504 x 5,,Do you have a secure drop box for ballots?  What is the address and location on site?,,,x
CONWAY,Please contact your town clerk at the email address below to find out where to drop your ballot.,clerk@townofconway.com,,Ahmad,,,,clerk@townofconway.com,clerk@townofconway.com,413-369-4235 x 4,413-369-4235 ext 4,Do you have a secure drop box for ballots?  What is the address and location on site?,,,x
OAK BLUFFS,Please contact your town clerk at the email address below to find out where to drop your ballot.,cmorris@oakbluffsma.gov,,Ahmad,,,,cmorris@oakbluffsma.gov,,508-693-3554 x 119,,Do you have a secure drop box for ballots?  What is the address and location on site?,,,x
DUNSTABLE,Please contact your town clerk at the email address below to find out where to drop your ballot.,CSkerrett@dunstable-ma.gov,,Ahmad,,,,CSkerrett@dunstable-ma.gov,,978-649-4514 x 222,(978) 649-4514 Ext. 222,Do you have a secure drop box for ballots?  What is the address and location on site?,,,x
LEICESTER,3 Washburn Square,davisd@leicesterma.org,,Ahmad,,,,davisd@leicesterma.org,Direct email option,508-892-7011,(508) 892-7011,Do you have a secure drop box for ballots?  What is the address and location on site?,,,x
WHITMAN,54 South Ave,"The dropbox is located near the accessibility entrance. It is 4 feet tall and hard to miss.

",,Ahmad,,,,dawn.varley@whitman-ma.gov,,781-618-9710,,Do you have a secure drop box for ballots?  What is the address and location on site?,,,x
AUBURN,104 Central St.,There is no dropbox; you must sumbit your ballot to the mail slot of the entrance nearest the accessibility ramp.,,Ahmad,,,,dgremo@town.auburn.ma.us,,508-832-7701,,Do you have a secure drop box for ballots?  What is the address and location on site?,,,x
CUMMINGTON,Please contact your town clerk at the email address below to find out where to drop your ballot.,djordan@cummington-ma.gov,,Ahmad,,,,djordan@cummington-ma.gov,,413-200-5011,,Do you have a secure drop box for ballots?  What is the address and location on site?,,,x
MONROE,Please contact your town clerk at the email address below to find out where to drop your ballot.,elections@sec.state.ma.us,,Ahmad,,,,elections@sec.state.ma.us,,413-424-5272,,Do you have a secure drop box for ballots?  What is the address and location on site?,,,x
NEW ASHFORD,Please contact your town clerk at the email address below to find out where to drop your ballot.,elections@sec.state.ma.us,,Ahmad,,,,elections@sec.state.ma.us,,413-458-5461,,Do you have a secure drop box for ballots?  What is the address and location on site?,,,x
BOXBOROUGH,Town Hall: 29 Middle Road,There is no dropbox; you must sumbit your ballot to the mail slot to the left of the main entrance.,,Ahmad,,,,emarkiewicz@boxborough-ma.gov,Direct email option,978-264-1727,"	
(978) 264-1727",Do you have a secure drop box for ballots?  What is the address and location on site?,,,x
FLORIDA,Please contact your town clerk at the email address below to find out where to drop your ballot.,floridaclerk.floridamass@gmail.com,,Ahmad,,,,floridaclerk.floridamass@gmail.com,,413-662-2448,,Do you have a secure drop box for ballots?  What is the address and location on site?,,,x
MOUNT WASHINGTON,Please contact your town clerk at the email address below to find out where to drop your ballot.,gailg@townofmtwashington.com,,Ahmad,,,,gailg@townofmtwashington.com,,413-528-9264,,Do you have a secure drop box for ballots?  What is the address and location on site?,,,x
CLINTON,Town Hall: 242 Church St,The dropbox is located outside and beside the front stairs of the town hall.,,Ahmad,,,,hsargent@clintonma.gov,hsargent@clintonma.gov,978-365-4119,,Do you have a secure drop box for ballots?  What is the address and location on site?,,,x
CHELSEA,City Hall: 500 Broadway,"The dropbox is located beside the side entrance of the city hall, on Washington Avenue. It is a green mailbox with bold orange signage.",,Ahmad,,,,jcwhite@chelseama.gov,Direct email option,617-466-4050,,Do you have a secure drop box for ballots?  What is the address and location on site?,,,x
GREAT BARRINGTON,Town Hall: 334 Main Street #1,The dropbox is located outside and beside the front stairs of the town hall.,,Ahmad,,,,jmessina@townofgb.org,Direct email option,413-528-1619 x 3,(413) 528-1619 ext 3,Do you have a secure drop box for ballots?  What is the address and location on site?,,,x
MEDFIELD,Town Hall: 459 Main Street,The dropbox is located behind the town hall.,,Ahmad,,,,jmullen@medfield.net,jmullen@medfield.net,508-906-3024,508-906-3024,Do you have a secure drop box for ballots?  What is the address and location on site?,,,x
MELROSE,Post Office: 23 Essex Street,The dropbox is located on the east side of the post office.,,Ahmad,,,,jperperian@cityofmelrose.org,Direct email option,781-979-4125,,Do you have a secure drop box for ballots?  What is the address and location on site?,,,x
TYNGSBOROUGH,25 Bryant Ln,The dropbox is located outside and nearest the front door of the building.,,Ahmad,,,,jshifres@tyngsboroughma.gov,,978-649-2300 x 129,,Do you have a secure drop box for ballots?  What is the address and location on site?,,,x
CHICOPEE,Town Hall: 274 Front St,The dropbox is located outside of the town hall and to the right of the building.,,Ahmad,,,,jsurdyka@chicopeema.gov,,413-594-1550,413-594-1466,Do you have a secure drop box for ballots?  What is the address and location on site?,,,x
HOLDEN,Town Hall: 1196 Main Street,"Drop box is labeled ""Town Clerk business only""",,Ahmad,,,Jeanne Survell,jsurvell@holdenma.gov,Direct email option,508-210-5530,(508) 210-5530,Do you have a secure drop box for ballots?  What is the address and location on site?,,,x
TAUNTON,Please contact your town clerk at the email address below to find out where to drop your ballot.,kandrade@taunton-ma.gov,,Ahmad,,,,kandrade@taunton-ma.gov,,508-821-1044,,Do you have a secure drop box for ballots?  What is the address and location on site?,,,x
CHARLEMONT,Please contact your town clerk at the email address below to find out where to drop your ballot.,kathy.reynolds@townofcharlemont.org,,Ahmad,,,Kathy Reynolds,kathy.reynolds@townofcharlemont.org,,413-339-4335 x 305,,Do you have a secure drop box for ballots?  What is the address and location on site?,,,x
NEW MARLBOROUGH,Town Hall: 807 Mill River Southfield Rd.,The dropbox is beside to the rear entrance of the town hall. It is blue.,,Ahmad,,,,kchretien@newmarlboroughma.gov,,413-229-8278,,Do you have a secure drop box for ballots?  What is the address and location on site?,,,x
LEOMINSTER,"City Hall, 25 West St.","The dropbox is located outside the front entrance of the city hall, near 
the top of the stairs. It is a grey and navy mailbox.",,Ahmad,,,,khuffman@leominster-ma.gov,khuffman@leominster-ma.gov,978-534-7500 x 3,(978) 534-7500,Do you have a secure drop box for ballots?  What is the address and location on site?,,,x
LONGMEADOW,Town Hall: 20 Williams Street,There is no dropbox; you must sumbit your ballot to the mail slot beside the front entrance.,,Ahmad,,,,kingram@longmeadow.org,-,413-565-4103,413-565-4103,Do you have a secure drop box for ballots?  What is the address and location on site?,,,x
FALL RIVER,1 Government Center,The dropbox is located inside the lobby of the government center. ,,Ahmad,,,,ksouza-young@fallriverma.org,city_clerks@fallriverma.org,508-324-2630,508-324-2220,Do you have a secure drop box for ballots?  What is the address and location on site?,,,x
LENOX,Town Hall: 6 Walker Street,The dropbox is located inside the lobby of the town hall. ,,Ahmad,,,,ksullivan@townoflenox.com,,413-637-5500 x 1207,,Do you have a secure drop box for ballots?  What is the address and location on site?,,,x
EVERETT,Town Hall: 9 Montague Rd.,The dropbox is located outside and beside the front entrance of the town hall.,,Ahmad,,,Linda Angiolillo,L.angiolillo@ci.everett.ma.us,Direct email option,617-394-2297,617-394-2225,Do you have a secure drop box for ballots?  What is the address and location on site?,,,x
BOYLSTON,"Town Hall, 221 Main Street",The dropbox is to the right of the front entrance of the town hall. ,,Ahmad,,,,ljohnson@boylston-ma.gov,Direct email option,508-869-2234,508-869-2234,Do you have a secure drop box for ballots?  What is the address and location on site?,,,x
BEVERLY,"City Hall, 191 Cabot St.","The dropbox is located to the rear of city hall, nearest to the parking lot and in the back hall to the left.",,Ahmad,,,,lkent@beverlyma.gov,Direct email option,978-605-2326,,Do you have a secure drop box for ballots?  What is the address and location on site?,,,x
NORTON,Town Hall: 70 E Main Street,The dropbox is beside the front entrance of the town hall. ,,Ahmad,,,,llonghurst@nortonmaus.com,,508-285-0230,,Do you have a secure drop box for ballots?  What is the address and location on site?,,,x
ABINGTON,"500 Gliniewicz Way

",The dropbox is beside the front entrance of the town hall. ,,Ahmad,,,,lmadams@abingtonma.gov,,781-982-2112,,Do you have a secure drop box for ballots?  What is the address and location on site?,,,x
DARTMOUTH,Town Hall:400 Slocum Rd,The dropbox is beside the front entrance of the town hall. It has yellow signage.,,Ahmad,,,,lmedeiros@town.dartmouth.ma.us,,508-910-1800,,Do you have a secure drop box for ballots?  What is the address and location on site?,,,x
PITTSFIELD,70 Allen St,"The dropbox is beside the front entrance of the town hall, leading up to staircase at door in lot in between city hall and Highland Restaurant. It is a large and black.",,Ahmad,,,,mbenjamin@cityofpittsfield.org,mbenjamin@cityofpittsfield.org,413-499-9460,413-499-9361,Do you have a secure drop box for ballots?  What is the address and location on site?,,,x
DALTON,Town Hall: 462 Main Street,"There are two dropboxes; one is nearest to the accessibility ramp, the other is outside by the front door.",,Ahmad,,,Michele Blake,mblake@dalton-ma.gov,,413-684-6103 x 14,413-684-6111 ext14,Do you have a secure drop box for ballots?  What is the address and location on site?,,,x
GLOUCESTER,City Hall: 9 Dale Avenue,The dropbox is located on the side entrance of the city hall facing Warren Street. ,,Ahmad,,,Marie Giambanco,mgiambanco@gloucester-ma.gov,Direct email option,978-281-9720 x 6,(978) 281-9720,Do you have a secure drop box for ballots?  What is the address and location on site?,,,x
BROOKFIELD,Town Hall: 215 North Main Street,The dropbox is located outside and beside the front entrance of the town offices.,,Ahmad,,,,mseery@brookfieldma.us,,508-867-2930 x 12,,Do you have a secure drop box for ballots?  What is the address and location on site?,,,x
PEMBROKE,Please contact your town clerk at the email address below to find out where to drop your ballot.,mstruzik@townofpembrokemass.org,,Ahmad,,,,mstruzik@townofpembrokemass.org,,781-709-1403,781- 293-7211,Do you have a secure drop box for ballots?  What is the address and location on site?,,,x
WILLIAMSTOWN,31 North St,There is no dropbox; you must sumbit your ballot to the mail slot beside the front entrance.,,Ahmad,,,,npedercini@williamstownma.gov,mkennedy@williamstownma.gov,413-458-9341,(413) 458-3500,Do you have a secure drop box for ballots?  What is the address and location on site?,,,x
NORWELL,Please contact your town clerk at the email address below to find out where to drop your ballot.,panderson@townofnorwell.net,,Ahmad,,,,panderson@townofnorwell.net,,781-659-8072,,Do you have a secure drop box for ballots?  What is the address and location on site?,,,x
ROCHESTER,Please contact your town clerk at the email address below to find out where to drop your ballot.,pdawson@townofrochester.com,,Ahmad,,,,pdawson@townofrochester.com,,508-763-3871 x 17,,Do you have a secure drop box for ballots?  What is the address and location on site?,,,x
PETERSHAM,Please contact your town clerk at the email address below to find out where to drop your ballot.,petershamtownclerk@verizon.net,,Ahmad,,,,petershamtownclerk@verizon.net,,978-724-6649 x 2,,Do you have a secure drop box for ballots?  What is the address and location on site?,,,x
ACUSHNET,130 Main Street,The dropbox is located outside and to the right of the front door.,,Ahmad,,,,plabonte@acushnet.ma.us,,508-998-0215,,Do you have a secure drop box for ballots?  What is the address and location on site?,,,x
CHESTER,Town Hall: 15 Middlefield Road,The dropbox is located and outside and beside the front entrance of the town hall. It is labelled “Town Of Chester.”,,Ahmad,,,,rdalesandro@townofchester.net,,413-354-6603,,Do you have a secure drop box for ballots?  What is the address and location on site?,,,x
NEWBURYPORT,City Hall: 60 Pleasant St.,Secure mail slot is located to the left of the front door at City Hall. ,,Ahmad,,,,rjones@cityofnewburyport.com,DIrect email option,978-465-4407,,Do you have a secure drop box for ballots?  What is the address and location on site?,,,x
RUSSELL,Please contact your town clerk at the email address below to find out where to drop your ballot.,russelltownclerk@russellma.net,,Ahmad,,,,russelltownclerk@russellma.net,,413-862-6207,,Do you have a secure drop box for ballots?  What is the address and location on site?,,,x
SAVOY,Please contact your town clerk at the email address below to find out where to drop your ballot.,savoytownclerk@gmail.com,,Ahmad,,,,savoytownclerk@gmail.com,,413-743-3759,,Do you have a secure drop box for ballots?  What is the address and location on site?,,,x
EAST BRIDGEWATER,Town Hall: 175 Central St.,The dropbox is to the left of the front entrance of the town hall. It is silver and has  “Tax Collector” and “Ballot Return” labelled on it.,,Ahmad,,,,sgillpatrick@ebmass.com,Direct email option,508-378-1600,,Do you have a secure drop box for ballots?  What is the address and location on site?,,,x
SHARON,Town Hall: 90 South Main Street,The dropbox is in the entry way of the town hall.,,Ahmad,,,,skahalas@townofsharon.org,,781-784-1500 x 1201,781-784-1500 x1110,Do you have a secure drop box for ballots?  What is the address and location on site?,,,x
DIGHTON,Town Hall: 979 Somerset Avenue,The dropbox is located outside and near the driveway of the town hall.,,Ahmad,,,,smedeiros@townofdighton.com,,508-669-5411,,Do you have a secure drop box for ballots?  What is the address and location on site?,,,x
FRANKLIN,Town Hall: 355 East Central St.,The dropbox is located to the left of the front enterance of the town hall. It is white. ,,Ahmad,,,,tburr@franklinma.gov,,508-520-4900,,Do you have a secure drop box for ballots?  What is the address and location on site?,,,x
HUBBARDSTON,Library Basement Offices: 7 Main Street,The dropbox is located outside of the front enterance of the town hall. ,,Ahmad,,,,tclerk@hubbardstonma.us,,978-928-1400 x 202,,Do you have a secure drop box for ballots?  What is the address and location on site?,,,x
HOLBROOK,Town Hall: 50 North Franklin,"The dropbox is located outside of the front enterance of the town hall, on the doorstep. It is blue and labelled ""Town Business.""",,Ahmad,,,Jeanmarie Tarara,town_clerk@holbrookmassachusetts.us,,781-767-4314,,Do you have a secure drop box for ballots?  What is the address and location on site?,,,x
ASHBURNHAM,Town Hall: 32 Main Street,The dropbox is located to the right of the front enterance of the town hall. ,,Ahmad,,,,townclerk@ashburnham-ma.gov,Direct email option,978-827-4100 x 3,978-827-4100 ext 114,Do you have a secure drop box for ballots?  What is the address and location on site?,,,x
ASHFIELD,Town Hall: 412 Main Street,The dropbox is located outside of the front enterance of the town hall. ,,Ahmad,,,,townclerk@ashfield.org,townclerk@ashfield.org,413-628-4441 x 5,413-628-4441 ext 5,Do you have a secure drop box for ballots?  What is the address and location on site?,,,x
BEDFORD,"Town Hall, 10 Mudge Way",The dropbox is located outside of the front enterance of the town hall. ,,Ahmad,,,,townclerk@bedfordma.gov,Direct email option,781-275-0083,781-275-0083,Do you have a secure drop box for ballots?  What is the address and location on site?,,,x
BERKLEY,1 North Main Street,The dropbox is located outside of the front enterance of the town hall. ,,Ahmad,,,,townclerk@berkleyma.us,,508-822-3348,,Do you have a secure drop box for ballots?  What is the address and location on site?,,,x
BRAINTREE,Town Hall: 1 John F Kennedy Memorial Dr.,The dropbox is located outside of the parking lot of the town hall. ,,Ahmad,,,,townclerk@braintreema.gov,jmcasey@braintreema.gov,781-794-8240,781-794-8202,Do you have a secure drop box for ballots?  What is the address and location on site?,,,x
BRIDGEWATER,Academy Building: 66 Central Square ,The dropbox is beside the side entrance nearest the accessibility ramp at the Bedford Street parking lot.,,Ahmad,,,,townclerk@bridgewaterma.org,,508-697-0921,,Do you have a secure drop box for ballots?  What is the address and location on site?,,,x
BRIMFIELD,Please contact your town clerk at the email address below to find out where to drop your ballot.,townclerk@brimfieldma.org,,Malia,,,,townclerk@brimfieldma.org,,413-245-4100 x 7,,Do you have a secure drop box for ballots?  What is the address and location on site?,,,x
CHESHIRE,Please contact your town clerk at the email address below to find out where to drop your ballot.,townclerk@cheshire-ma.gov,,Malia,,,,townclerk@cheshire-ma.gov,lbrennan@cheshirect.org,413-743-1690 x 22,203 271-6601,Do you have a secure drop box for ballots?  What is the address and location on site?,,,x
CHILMARK,"Town Hall, 401 Middle Road",Two ballot dropboxes are located at the main entry to the Town Hall.,,Malia,,,,townclerk@chilmarkma.gov,,508-645-2107,,Do you have a secure drop box for ballots?  What is the address and location on site?,,,x
CLARKSBURG,Please contact your town clerk at the email address below to find out where to drop your ballot.,townclerk@clarksburgma.gov,,Malia,,,,townclerk@clarksburgma.gov,,413-663-8255,,Do you have a secure drop box for ballots?  What is the address and location on site?,,,x
COLRAIN,Town Offices: 55 Main Rd ,Insert ballots into the labeled slot in the foyer of the town offices.,,Malia,,,Eileen Sauvageau,townclerk@colrain-ma.gov,,413-624-7100,,Do you have a secure drop box for ballots?  What is the address and location on site?,,,x
GILL,Town Hall: 325 Main Rd ,"Place your ballots in the dropbox located at the rear of the Town Hall, to the left of the entrance. ",,Malia,,,,townclerk@gillmass.org,,413-863-8103,,Do you have a secure drop box for ballots?  What is the address and location on site?,,,x
MATTAPOISETT,Town Hall: 16 Main St.,Place ballots in the dropbox that is located on the back side of Town Hall.,,Malia,,,,townclerk@mattapoisett.net,,508-758-4100 x 207,,Do you have a secure drop box for ballots?  What is the address and location on site?,,,x
MENDON,20 Main St.,Place ballots in the dropbox that is located to the right of the entrance of town hall.,,Malia,,,,townclerk@mendonma.gov,,508-473-1085,,Do you have a secure drop box for ballots?  What is the address and location on site?,,,x
MILLVILLE,Please contact your town clerk at the email address below to find out where to drop your ballot.,townclerk@millvillema.org,,Malia,,,,townclerk@millvillema.org,,508-883-5849,,Do you have a secure drop box for ballots?  What is the address and location on site?,,,x
NORTH BROOKFIELD,Town Hall: 215 North Main Street,Place your ballot in the dropbox right outside the town offices,,Malia,,,,townclerk@northbrookfield.net,townclerk@northbrookfield.net,508-867-0203,(508) 867-0203,Do you have a secure drop box for ballots?  What is the address and location on site?,,,x
NORTHFIELD,Town Hall/Police Station: 69 Main Street,Place your ballot in the dropbox at the back of the police station/city hall.,,Malia,,,,townclerk@northfieldma.gov,,413-498-2901 x 112,,Do you have a secure drop box for ballots?  What is the address and location on site?,,,x
PHILLIPSTON,Town Hall: 50 The Common,townclerk@phillipston-ma.gov,,Malia,,,,townclerk@phillipston-ma.gov,,978-249-1733,,Do you have a secure drop box for ballots?  What is the address and location on site?,,,x
ROYALSTON,"Royalston does not have a drop box. Ballots should be mailed. The Town Clerk will be available to take ballots on election day personally at the Town Clerk office in Whitney Hall, 5 School Street.",townclerk@royalston-ma.gov,,Malia,,,,townclerk@royalston-ma.gov,,978-249-0493,,Do you have a secure drop box for ballots?  What is the address and location on site?,,,x
SANDISFIELD,Please contact your town clerk at the email address below to find out where to drop your ballot.,townclerk@sandisfieldma.gov,,Malia,,,,townclerk@sandisfieldma.gov,,413-258-4711 x 2,,Do you have a secure drop box for ballots?  What is the address and location on site?,,,x
STOW,380 Great Road,"You can drop your ballot in the dropbox located in front of the Town Building (the main office building), or in the mail slot of the front door.",,Malia,,,,townclerk@stow-ma.gov,townclerk@stow-ma.gov,978-897-5034,(978) 897-5034,Do you have a secure drop box for ballots?  What is the address and location on site?,,,x
DEERFIELD,Town Hall: 8 Conway St,You can drop your ballot in the dropbox located at town hall.,,Malia,,,,townclerk@town.deerfield.ma.us,,413-665-1400 x 102,413-665-1440 ext 102,Do you have a secure drop box for ballots?  What is the address and location on site?,,,x
PLAINFIELD,Please contact your town clerk at the email address below to find out where to drop your ballot.,townclerk@town.plainfield.ma.us,,Malia,,,,townclerk@town.plainfield.ma.us,,413-634-5420,,Do you have a secure drop box for ballots?  What is the address and location on site?,,,x
PRINCETON,Post Office Place: 206 Worcester Road,"You can drop your ballot in the drop box back of building at bottom of ramp, in front of glass doors at the Post Office Place.",,Malia,,,,townclerk@town.princeton.ma.us,,978-464-2103,,Do you have a secure drop box for ballots?  What is the address and location on site?,,,x
ATHOL,"Town Hall, 584 Main Street ","You can drop your ballot in the dropbox at Town Hall, located by front entrance stairs on the right",,Malia,,,,townclerk@townofathol.org,,978-249-4551,,Do you have a secure drop box for ballots?  What is the address and location on site?,,,x
BERLIN,"The Town Offices, 23 Linden St.","You can drop your ballot in the secure green dropbox in the entrance lobby of the Town Offices. Open the door and walk straight ahead three steps.
",,Malia,,,,townclerk@townofberlin.com,,978-838-2931,(978) 838-2931,Do you have a secure drop box for ballots?  What is the address and location on site?,,,x
BERNARDSTON,Town Hall: 38 Church St.,"There is no dropbox in Bernardston, but you can give your ballots to the town clerk 7 days a week - please call 648-5408 to arrange an appointment!",,Malia,,,,townclerk@townofbernardston.org,,413-648-5408,,Do you have a secure drop box for ballots?  What is the address and location on site?,,,x
BLANDFORD,Town Hall: 1 Russell Stage Rd,There is a dropbox for you to drop your ballots in directly in front of the town hall on right hand side of doors,,Malia,,,,townclerk@townofblandford.com,,413-848-4279 x 203,,Do you have a secure drop box for ballots?  What is the address and location on site?,,,x
CHESTERFIELD,Town Hall: 422 Main Road,"You can drop your ballots at town hall, in the dropbox located on the right side of the door at the main entrance (driveway), right next to the ramp.",,Malia,,,,townclerk@townofchesterfieldma.com,,413-296-4741 x 4#,,Do you have a secure drop box for ballots?  What is the address and location on site?,,,x
GRANVILLE,Please contact your town clerk at the email address below to find out where to drop your ballot.,townclerk@townofgranville.org,,Malia,,,,townclerk@townofgranville.org,,413-357-8585 x 3,,Do you have a secure drop box for ballots?  What is the address and location on site?,,,x
HEATH,Town Hall: 1 East Main St.,"You can drop your ballots off at the dropbox located inside Town Hall next to the Post Office door.

",,Malia,,,,townclerk@townofheath.org,townclerk@townofheath.org,413-337-4934 x 6,(413) 337-4934 Ext. #6,Do you have a secure drop box for ballots?  What is the address and location on site?,,,x
LEYDEN,Please contact your town clerk at the email address below to find out where to drop your ballot.,townclerk@townofleyden.com,,Malia,,,,townclerk@townofleyden.com,,413-774-4111 x 3,,Do you have a secure drop box for ballots?  What is the address and location on site?,,,x
MERRIMAC,Town Hall: 2 School Street,"You can drop your ballots off at Town Hall, either at the front door in the mail slot, or to the person conducting early voting near the front door.",,Malia,,,,townclerk@townofmerrimac.com,townclerk@townofmerrimac.com,978-346-8013,,Do you have a secure drop box for ballots?  What is the address and location on site?,,,x
NEWBURY,Please contact your town clerk at the email address below to find out where to drop your ballot.,townclerk@townofnewbury.org,,Malia,,,,townclerk@townofnewbury.org,,978-465-0862 x 315,,Do you have a secure drop box for ballots?  What is the address and location on site?,,,x
SHELBURNE,Town Hall: 51 Bridge Street,townclerk@townofshelburnema.gov,,Malia,,,,townclerk@townofshelburnema.gov,,413-625-0300 x 3,,Do you have a secure drop box for ballots?  What is the address and location on site?,,,x
WALES,3 Hollow Rd ,You can return your mail in ballot to the person conducting the early voting on Tuesday 8/25 and Wednesday 8/26 from 10 AM - 1 PM. ,,Malia,,,,townclerk@townofwales.net,,413-245-7571 x 101,,Do you have a secure drop box for ballots?  What is the address and location on site?,,,x
WALPOLE,Town Hall: 135 School St.,"You can drop your ballots in the drop box near the back door of town hall, attached to the building.",,Malia,,,,townclerk@walpole-ma.gov,townclerk@walpole-ma.gov,508-660-7296,,Do you have a secure drop box for ballots?  What is the address and location on site?,,,x
WENDELL,Please contact your town clerk at the email address below to find out where to drop your ballot.,townclerk@wendellmass.us,,Malia,,,,townclerk@wendellmass.us,,978-544-3395 x 2,,Do you have a secure drop box for ballots?  What is the address and location on site?,,,x
WEST NEWBURY,"Town Office Building, 381 Main Street ",You can drop your ballots in the dropbox (Labeled “Election Materials Deposited Here”) in the vestibule of the main entrance to the Town Office Building.,,Malia,,,,townclerk@wnewbury.org,townclerk@wnewbury.org,978-363-1100 x 110,,Do you have a secure drop box for ballots?  What is the address and location on site?,,,x
ASHLAND,Town Hall: 1010 Main Street,"You can drop your ballots in the payment dropbox outside of Town Hall, or drop them off during Early Voting at Town Hall.",,Malia,,,,townclerkoffice@ashlandmass.com,townclerkoffice@ashlandmass.com,508-881-0100 x 7127,508-881-0100 x 7127,Do you have a secure drop box for ballots?  What is the address and location on site?,,,x
OXFORD,Please contact your town clerk at the email address below to find out where to drop your ballot.,townclerkoffice@oxfordma.us,,Malia,,,,townclerkoffice@oxfordma.us,,508-987-6032,,Do you have a secure drop box for ballots?  What is the address and location on site?,,,x
EASTON,136 Elm Street,You can drop your ballots in the dropbox located by the front door of the Town Offices,,Malia,,,Danielle Sicard,townclerksoffice@easton.ma.us,,508-230-0530,,Do you have a secure drop box for ballots?  What is the address and location on site?,,,x
SOUTHWICK,"Town Hall, 454 College Highway",You can drop your ballots in the Green dropbox that you will see right when you pull into the entrance/exit of Town Hall.,,Malia,,,,treasurer@southwickma.net,,413-569-5504,(413) 569-5504,Do you have a secure drop box for ballots?  What is the address and location on site?,,,x
BUCKLAND,"Town Hall: 17 State St, Shelburne Falls","You can pace your ballot in the dropbox, ocated outside to the left of the front entrance of Town Hall and is in the form of a black lock box.",,Malia,,,,twnclerk@town.buckland.ma.us,twnclerk@town.buckland.ma.us,413-625-6330 x 4,413-625-6330,Do you have a secure drop box for ballots?  What is the address and location on site?,,,x
LAWRENCE,Please contact your town clerk at the email address below to find out where to drop your ballot.,wmaloney@cityoflawrence.com,,Malia,,Phone call,William Maloney,wmaloney@cityoflawrence.com,wmaloney@cityoflawrence.com,978-620-3290,,Do you have a secure drop box for ballots?  What is the address and location on site?,,No,x
RANDOLPH,Please contact your town clerk at the email address below to find out where to drop your ballot.,,,Malia,,,,,,,,,,,
WESTWOOD,"Police Station, 588 High Street","You can place your ballots in the dropbox, located in front of the police station",,Malia,(zero)2090 ,email,Dottie Powers,dpowers@townhall.westwood.ma.us,dpowers@town.westwood.ma.us,781-326-3964,,Do you have a secure drop box for ballots?  What is the address and location on site?,,Yes,
WAYLAND,"Public Safety Building, 38 Cochituate Road",You can place your ballots in the lockbox outside of the main entrance of the Public Safety Building.,,Malia,1778,SOS,,aludwig@wayland.ma.us,townclerk@wayland.ma.us,508-358-3630,,,,Yes,
LEXINGTON,Town Clerk Mailbox:1605 MA ave.,"You can drop your ballot in the dropbox, located in the circle in front of the Cary Memorial Building.",,Malia,2420,https://www.lexingtonma.gov/home/news/vote-mail-information-state-primary-september-1,Nathalie Rice,townclerk@lexingtonma.gov,Direct email option,781-698-4558,781-698-4557,Do you have a secure drop box for ballots?  What is the address and location on site?,,Yes,x
GOSNOLD,Town clerks office ,You can drop your ballot in the dropbox located at town clerks office.,,Malia,2713,Phone call,Lisa Wright,gosnoldtownclerk@yahoo.com,,508-990-7408,,Do you have a secure drop box for ballots?  What is the address and location on site?,,No,x
LINCOLN,Town Clerks Office: 16 Lincoln Rd.,You can drop your ballot in the dropbox located at the front of the Town Clerks Office Building.,,Malia,1773,Email,,foxv@lincolntown.org,foxv@lincolntown.org,781-259-2607,-,Do you have a secure drop box for ballots?  What is the address and location on site?,,Yes,x
GRANBY,Town Hall 215 b west state street ,You can drop your ballot in the dropbox right next to town hall.,,Malia,1033,Phone call,,kkellyregan@granby-ma.gov,,413-467-7178,,Do you have a secure drop box for ballots?  What is the address and location on site?,,Yes,x
NAHANT,Town Hall 334 Nahant Rd.,You can drop your ballot in the dropbox located at town hall.,,Malia,1908,,,cnelson@nahant.org,cnelson@nahant.org,781-581-0018,,,"We know that you have a drop box for ballots.  Can you explain where it's located at the given address? (Record in ""Instructions"" Column L)",Yes,y
MONTAGUE,"Town Hall, 1 Avenue A, Turners Falls",You can drop your ballot in the dropbox near the front door of Town Hall,,Malia,1376,https://www.facebook.com/townofmontaguema/posts/3277197748993637,,townclerk@montague-ma.gov,,413-863-3200 x 104,,,,Yes,
SHUTESBURY,"Town Hall, 1 Cooleyville Road",You can drop your ballot in the dropbox located at town hall.,,Malia,1072,,,townclerk@shutesbury.org,,413-259-1204,,,"We know that you have a drop box for ballots.  Can you explain where it's located at the given address? (Record in ""Instructions"" Column L)",Yes,y
WAKEFIELD,"Town Hall, 1 Lafayette Street",You can drop your ballot in the dropbox located on the steps of town hall.,,Malia,(zero)1880,email,,bsheeran@wakefield.ma.us,,781-246-6383,(781) 246-6383,Do you have a secure drop box for ballots?  What is the address and location on site?,,Yes,
NORFOLK,"Town Hall, 1 Liberty Lane",You can drop your ballot in the dropbox located at town hall.,,Malia,2056,,,cgreene@norfolk.ma.us,cgreene@norfolk.ma.us,508-528-1400,,,"We know that you have a drop box for ballots.  Can you explain where it's located at the given address? (Record in ""Instructions"" Column L)",Yes,y
GEORGETOWN,"Town Hall, 1 Library Street ",You can drop your ballot in the dropbox located at the back door of Town Hall.,,Malia,1833,SOS,,townclerk@georgetownma.gov,Direct email option,978-352-5711,,,,Yes,
UPTON,"Town Hall, 1 Main Street",You can drop your ballot in the dropbox located at town hall.,,Malia,1568,,,kmcelreath@uptonma.gov,,508-529-3565,,,"We know that you have a drop box for ballots.  Can you explain where it's located at the given address? (Record in ""Instructions"" Column L)",Yes,y
PEPPERELL,"Town Hall, 1 Main Street ","You can drop your ballot in one of the two dropboxes located at town hall, either on the lower or upper level.",,Malia,1463,SOS,,clerk@town.pepperell.ma.us,clerk@town.pepperell.ma.us,978-433-0339,978-433-0339,,,Yes,
OTIS,"Town Hall, 1 North Main Road",You can drop your ballot in the dropbox located at town hall.,,Malia,1253,,,tclerk.otis@gmail.com,,413-269-0100 x 5,,,"We know that you have a drop box for ballots.  Can you explain where it's located at the given address? (Record in ""Instructions"" Column L)",Yes,y
STERLING,"Town Hall, 1 Park Street",You can drop your ballot in the dropbox located at town hall.,,Malia,1564,,,TownClerk@sterling-ma.gov,,978-422-8111 x 2308,978-422-8111 ext 2308,,"We know that you have a drop box for ballots.  Can you explain where it's located at the given address? (Record in ""Instructions"" Column L)",Yes,y
DANVERS,"Town Hall, 1 Sylvan Street","You can drop your ballot in the dropbox at Town Hall, located bottom of front steps",,Malia,1923,SOS,,jcollins@danversma.gov,jcollins@danversma.gov,978-777-0001,(978) 777-0001 x. 3051 or 3053,,,Yes,
STOUGHTON,"Town Hall, 10 Pearl St.",You can drop your ballot in the dropbox located inside the entrance to Town Hall. ,,Malia,(zero)2072,email,,scarrara@stoughton-ma.gov,SCARRARA@STOUGHTON-MA.GOV,781-341-1300,,Do you have a secure drop box for ballots?  What is the address and location on site?,,Yes,
SHREWSBURY,"Town Hall, 100 Maple Avenue","You can drop your ballot in the grey Town Bills box, which also serves as a ballot dropbox",,Malia,1545,Super vol Jason Palitsch,Sandy Wright,swright@shrewsburyma.gov,swright@shrewsburyma.gov,508-841-8507,508-841-8507,,,Yes,
SEEKONK,"Town Hall, 100 Peck St.",You can drop your ballot in the dropbox in front of Seekonk Town Hall ,,Malia,(zero)2771,email,Florice Craig,fcraig@seekonk-ma.gov,,508-336-2920,,Do you have a secure drop box for ballots?  What is the address and location on site?,,Yes,
TEWKSBURY,"Town Hall, 1009 Main St",You can drop your ballot in the dropbox located outside of Town Hall.,,Malia,(zero)1876,https://patch.com/massachusetts/tewksbury/vote-mail-information-town-tewksbury-voters,,townclerk@tewksbury-ma.gov,,978-640-4355,978) 640-4355,Do you have a secure drop box for ballots?  What is the address and location on site?,,Yes,
CARVER,"Town Hall, 108 Main Street ","You can drop your ballot in the grey colored drop box shared with the tax collector, which also serves a ballot dropbox.",,Malia,2330,City Outreach Project,Cara Dahill,town.clerk@carverma.org,,508-866-3403,,,,Yes,
WINCHENDON,"Town Hall, 109 Front Street","You can drop your ballot at one of the dropboxes located at Town hall, at the side and front entrances.",,Malia,1475,SOS,Wendy Stevens,wstevens@townofwinchendon.com,,978-297-2766,(978) 297-2766,,,Yes,
WESTON,"Town Hall, 11 Town House Road",You can drop your ballot at the dropbox near the double glass doors at Town Hall.,,Malia,2493,,,davenport.d@westonmass.org,davenport.d@westonmass.org,781-786-5010,,,"We know that you have a drop box for ballots.  Can you explain where it's located at the given address? (Record in ""Instructions"" Column L)",Yes,
MONSON,"Town Hall, 110 Main Street",You can drop your ballot in the dropbox located at town hall.,,Malia,1057,,,townclerk@monson-ma.gov,townclerk@monson-ma.gov,413-267-4115,(413) 267-4115,,"We know that you have a drop box for ballots.  Can you explain where it's located at the given address? (Record in ""Instructions"" Column L)",Yes,y
TYRINGHAM,"Town Hall, 116 Main Road",You can drop your ballot in the dropbox located at town hall.,,Malia,1264,,,townclerk@gmail.com,,413-243-1749 x 103,413-243-4942,,"We know that you have a drop box for ballots.  Can you explain where it's located at the given address? (Record in ""Instructions"" Column L)",Yes,y
WARWICK,"Town Hall, 12 Athol Road",You can drop your ballot in the dropbox located at town hall.,,Malia,1378,,,townclerk@town.warwick.ma.us,,978-544-8304,,,"We know that you have a drop box for ballots.  Can you explain where it's located at the given address? (Record in ""Instructions"" Column L)",Yes,y
ERVING,"Town Hall, 12 East Main Street",You can drop your ballot in the dropbox located at town hall.,,Malia,1344,,,richard.newton@erving-ma.gov,,413-422-2800 x 106,,,"We know that you have a drop box for ballots.  Can you explain where it's located at the given address? (Record in ""Instructions"" Column L)",Yes,y 
NORTH ANDOVER,"Town Hall, 120 Main Street",You can drop your ballot in the dropbox located at town hall.,,Malia,1845,,,treid@northandoverma.gov,,978-688-9502,,,"We know that you have a drop box for ballots.  Can you explain where it's located at the given address? (Record in ""Instructions"" Column L)",Yes,y
WILMINGTON,"Town Hall, 121 Glen Road","You can drop your ballots in the dropbox slot at Town Hall, adjacent to the front door.",,Malia,1887,https://wilmingtonapple.com/2020/08/16/town-clerk-reminds-wilmington-voters-they-can-drop-off-mail-in-ballots-in-drop-slot-at-town-hall/,Christine Touma-Conway,ctouma-conway@wilmingtonma.gov,,978-658-2030,(978) 658-2030,,,Yes,
EAST BROOKFIELD,"Town Hall, 122 Connie Mack Drive",You can drop your ballots in the dropbox at the back entrance of the Town Office.,,Malia,1515,SOS,,townclerk@eastbrookfieldma.us,,508-867-6769 x 301,,,,Yes,
HARVARD,"Town Hall, 13 Ayer Road ",You can drop your ballot at the dropbox to the left of the front doors at town hall.,,Malia,1451,SOS,,mkenney@harvard.ma.us,,978-456-4100 x 316,,,,Yes,
NATICK,"Town Hall, 13 East Central Street","You can drop your ballot into the Mail slot immediately to the right of the front door, which is serving as the ballot dropbox.",,Malia,1760,Carol Gloff,,vote@natickma.org,dpacker@natickma.org,508-647-6459,508-647-6430 x4,,,Yes,
WEST BOYLSTON,"Town Hall, 140 Worcester Street",You can drop your ballot in the dropbox that is currently located on the porch adjacent to Door 2 of town hall.,,Malia,(zero)1583,email,Elaine Novia,townclerk@westboylston-ma.gov,,774-261-4020,,Do you have a secure drop box for ballots?  What is the address and location on site?,,Yes,
NEEDHAM,"Town Hall, 1471 Highland Avenue ",You can drop your ballot in the dropbox located in Town Hall driveway,,Malia,2492,SOS,,teaton@needhamma.gov,-,781-455-7500 x 216,-,,,Yes,
REHOBOTH,"Town Hall, 148 Peck Street",You can drop your ballot in the dropbox located at town hall.,,Malia,2769,,,lschwall@town.rehoboth.ma.us,,508-252-6502 x 3110,,,"We know that you have a drop box for ballots.  Can you explain where it's located at the given address? (Record in ""Instructions"" Column L)",Yes,y
WATERTOWN,"Town Hall, 149 Main Street",You can drop your ballot in the dropbox located inside of Town Hall.,,Malia,2472,https://www.watertown-ma.gov/866/Election-and-Voter-Information,,jflynn@watertown-ma.gov,jflynn@watertown-ma.gov,617-972-6486,617-972-6486 x 1,,,Yes,
NEW SALEM,"Town Hall, 15 South Main Street ",You can drop your ballot in the dropbox located at the front of town hall,,Malia,1355,SOS,,newsalemsclerk@aol.com,,978-544-2731,,,,Yes,
BLACKSTONE,"Town Hall, 15 St. Paul Street",You can drop your ballot in the dropbox located at the front entrance of town hall,,Malia,1504,City Outreach Project,,tsullivan@townofblackstone.org, tsullivan@townofblackstone.org,508-883-1500 x 146,508-876-5116,,,Yes,
RICHMOND,"Town Hall, 1529 State Road",You can drop your ballot in the dropbox located at town hall.,,Malia,1254,,,clerk@richmondma.org,,413-698-3555,,,"We know that you have a drop box for ballots.  Can you explain where it's located at the given address? (Record in ""Instructions"" Column L)",Yes,y
MEDWAY,"Town Hall, 155 Village Street",You can drop your ballot in the dropbox located at town hall.,,Malia,2053,,,mwhite@townofmedway.org,,508-533-3204,,,"We know that you have a drop box for ballots.  Can you explain where it's located at the given address? (Record in ""Instructions"" Column L)",Yes,y
SPENCER,"Town Hall, 157 Main St",You can drop your ballot at the dropboxes located at east and west side door entrances to town hall. The dropboxes are marked “payments/ballots”,,Malia,1562,City Outreach Project,,townclerks@spencerma.gov,,508-885-7500 x 150,(508) 885-7500 Ext. 150,,"We know that you have a drop box for ballots.  Can you explain where it's located at the given address? (Record in ""Instructions"" Column L)",Yes,y
NANTUCKET,"Town Hall, 16 Broad Street",You can drop your ballot in the dropbox located at the front entrance of town hall.,,Malia,2554,SOS,,townclerk@nantucket-ma.gov,,508-228-7216,,,,Yes,
READING,"Town Hall, 16 Lowell Street",You can drop your ballot in the dropbox located at town hall.,,Malia,1867,,,lgemme@ci.reading.ma.us,,781-942-9050,781-942-6647,,"We know that you have a drop box for ballots.  Can you explain where it's located at the given address? (Record in ""Instructions"" Column L)",Yes,y
WORTHINGTON,"Town Hall, 160 Huntington Rd",You can drop your ballots in the beige dropbox located outside the Town Hall ramp door.,,Malia,(zero)1098,email,,townclerk@worthington-ma.us,townclerk@worthington-ma.us,413-238-5577 x 110,(413) 238-5577 (x110),Do you have a secure drop box for ballots?  What is the address and location on site?,,Yes,
TEMPLETON,"Town Hall, 160 Patriots Rd",You can drop your ballots in the blue dropbox located at beginning of walkway to Town Hall,,Malia,1438,SOS,,charris@templetonma.gov,,978-894-2758,,,,Yes,
EGREMONT,"Town Hall, 171 Egremont Plain Road",You can drop your ballot in the dropbox located at town hall.,,Malia,1230,,,townclerk@egremont-ma.gov,townclerk@egremont-ma.gov,413-528-0182 x 11,413-528-0182 ext. 11,,"We know that you have a drop box for ballots.  Can you explain where it's located at the given address? (Record in ""Instructions"" Column L)",Yes,y 
GROTON,"Town Hall, 173 Main Street ",You can drop your ballot in the dropbox located at the rear of town hall,,Malia,1450,SOS,,townclerk@townofgroton.org,townclerk@townofgroton.org,978-448-1100,978-448-1100,,,Yes,
HOPKINTON,"Town Hall, 18 Main Street",You can drop your ballots in the dropbox in the alcove next to front entry to town hall.,,Malia,1748,Liam Horsman dropped his ballot there,,townclerk@hopkintonma.gov,cdegan@hopkintonma.gov,508-497-9710,(508) 497-9710,,,Yes,
MARBLEHEAD,"Town Hall, 188 Washington Street",You can drop your ballot in the dropbox located at town hall.,,Malia,1945,,,townclerk@marblehead.org,townclerk@marblehead.org,781-631-0528,,,"We know that you have a drop box for ballots.  Can you explain where it's located at the given address? (Record in ""Instructions"" Column L)",Yes,y
WINDSOR,"Town Hall, 1890 Route 9 ",You can drop your ballot in the 2nd dropbox located inside town hall,,Malia,1270,SOS,,windsortownclerk@gmail.com,,413-684-3811 x 3,,,,Yes,
ORLEANS,"Town Hall, 19 School Road",You can drop your ballot in the dropbox located next to the front entrance of town hall,,Malia,2653,,,cmay@town.orleans.ma.us,,508-240-3700 x 405,,,"We know that you have a drop box for ballots.  Can you explain where it's located at the given address? (Record in ""Instructions"" Column L)",Yes,
SHERBORN,"Town Hall, 19 Washington Street ",You can drop your ballot in the dropbox located at the front of town hall,,Malia,1770,SOS,,townclerk@sherbornma.org,,508-651-7853,,,,Yes,
PLAINVILLE,"Town Hall, 190 South Street",You can drop your ballot in the dropbox located at town hall.,,Malia,2762,,,erobertson@plainville.ma.us,,508-695-3010 x 19,,,"We know that you have a drop box for ballots.  Can you explain where it's located at the given address? (Record in ""Instructions"" Column L)",Yes,y
OAKHAM,"Town Hall, 2 Coldbrook Rd",You can drop your ballot in the dropbox located at town hall.,,Malia,1068,,,christine.mardirosian@oakham-ma.gov,,508-882-5549 x 305,,,"We know that you have a drop box for ballots.  Can you explain where it's located at the given address? (Record in ""Instructions"" Column L)",Yes,y 
WEST BROOKFIELD,"Town Hall, 2 East Main Street ",You can drop your ballot in the dropbox located at the Cottage St. entrance of town hall,,Malia,1585,SOS,,vitals@wbrookfield.com,,508-867-1421 x 302,,,,Yes,
NEW BRAINTREE,"Town Hall, 20 Memorial Drive",You can drop your ballot in the dropbox located at the outside entrance of town hall,,Malia,1531,SOS,,townclerk@newbraintree.org,,508-867-2071 x 102,,,,Yes,
SHEFFIELD,"Town Hall, 21 Depot Square",You can drop your ballot in the dropbox located at town hall.,,Malia,1257,,,fjoyce@sheffieldma.gov,,413-229-7000 x 151,,,"We know that you have a drop box for ballots.  Can you explain where it's located at the given address? (Record in ""Instructions"" Column L)",Yes,y
UXBRIDGE,"Town Hall, 21 South Main Street",You can drop your ballot in the dropbox located at town hall.,,Malia,1569,,,kcote@uxbridge-ma.gov,,508-278-8600,,,"We know that you have a drop box for ballots.  Can you explain where it's located at the given address? (Record in ""Instructions"" Column L)",Yes,y
WEST STOCKBRIDGE,"Town Hall, 21 State Line Road ",You can drop your ballots off at either of the dropboxes located at Town Hall. Drop box 1 is located to the left of the entrance to Town Hall. There is also a drop box to the left of the Town Clerk's office window inside Town Hall - the building is open to the public at this time.,,Malia,(zero)1266,email,,clerk@weststockbridge-ma.gov,,413-232-0300 x 300,,Do you have a secure drop box for ballots?  What is the address and location on site?,,Yes,
HINGHAM,"Town Hall, 210 Central Street",You can drop your ballot in the dropbox located in Town Hall driveway,,Malia,2043,https://patch.com/massachusetts/hingham/hingham-promotes-voting-mail-town-election,Eileen McCracken,townclerk@hingham-ma.gov,Direct email option,781-741-1410,781-741-1410,,,Yes,
BREWSTER,"Town Hall, 2198 Main St",You can drop your ballot in the dropbox located to the right of the front entrance of town hall,,Malia,2631,,,cwilliams@brewster-ma.gov,,508-896-4506,,,,Yes,
SWAMPSCOTT,"Town Hall, 22 Monument Ave",You can drop your ballot in the dropbox located at the front entrance of town hall.  You can also hand deliver your ballot to the person conducting early voting.,,Malia,(zero)1907,email and https://www.swampscottma.gov/home/news/september-1-2020-state-primary-election-information,,sduplin@swampscottma.gov,,781-596-4167,(781) 596-4167,Do you have a secure drop box for ballots?  What is the address and location on site?,,Yes,
HUNTINGTON,"Town Hall, 24 Russell Road ",Dropbox is located by the side door,,Christopher,1050,SOS,,townclerk@huntingtonma.us,,413-667-3509,,,,Yes,
WILBRAHAM,"Town Hall, 240 Springfield Street",,,Christopher,1095,,,ctardif@wilbraham-ma.gov,ctardif@wilbraham-ma.gov,413-596-2800 x 200,413-596-2800 ext 200,,"We know that you have a drop box for ballots.  Can you explain where it's located at the given address? (Record in ""Instructions"" Column L)",Yes,y
ROCKLAND,"Town Hall, 242 Union St #1, Rockland ",Drop ballots through the brass drop slot on the side of the building,,Christopher,2370,Town of Rockland FB page,,dshortall@rockland-ma.gov,,781-871-1874 x 1120,(781) 871-1874 X 1120,,,Yes,
IPSWICH,"Town Hall, 25 Green Street ",Dropbox is located in front of town hall,,Christopher,1938,SOS,,amya@ipswichma.gov,amya@ipswichma.gov,978-356-6677,,,,Yes,
EASTHAM,"Town Hall, 2500 State Highway",,,Christopher,2642,,,townclerk@eastham-ma.gov,,774-801-3223,,,"We know that you have a drop box for ballots.  Can you explain where it's located at the given address? (Record in ""Instructions"" Column L)",Yes,y
DEDHAM,"Town Hall, 26 Bryant Street","Old Town Hall, rear entrance",,Christopher,2026,SOS,,pmunchbach@dedham-ma.gov,cmcgourty@dedham-ma.gov,781-751-9200,(781) 751-9203,,,Yes,
WEST SPRINGFIELD,"Town Hall, 26 Central Street",There are two dropboxes: one outside town hall and one in the main lobby,,Christopher,1089,SOS,,ofrizzell@west-springfield.ma.us,,413-263-3012,,,,Yes,
PLYMOUTH,"Town Hall, 26 Court St, Plymouth",Dropbox is located outside of town hall main entrance,,Christopher,,FB posts,,PSears@plymouth-ma.gov,,508-747-1620,508-747-1620,,,Yes,
KINGSTON,"Town Hall, 26 Evergreen Street",,,Christopher,2364,,,pgallagher@kingstonmass.org,pgallagher@kingstonmass.org,781-585-0502,,,"We know that you have a drop box for ballots.  Can you explain where it's located at the given address? (Record in ""Instructions"" Column L)",Yes,y
HOLLAND,"Town Hall, 27 Sturbridge Road",,,Christopher,1521,,,townclerk@townofholland.necoxmail.com,,413-245-7108 x 102,,,"We know that you have a drop box for ballots.  Can you explain where it's located at the given address? (Record in ""Instructions"" Column L)",Yes,y
TOWNSEND,"Town Hall, 272 Main Street ",Dropbox is located next to the main entrance off of the parking lot,,Christopher,1469,SOS,,clerk@townsend.ma.us,,978-597-1704,,,,Yes,
DOUGLAS,"Town Hall, 29 Depot Street",Dropbox is located at front of building at beginning of the accessibility ramp ,,Christopher,1516,personal knowledge,Christine Furno,cfurno@douglasma.org,cfurno@douglas-ma.gov,508-476-4000 x 255,508-476-4000 ext. 255 ,,,Yes,
SAUGUS,"Town Hall, 298 Central Street ",,,Christopher,1906,,,eschena@saugus-ma.gov,,781-231-4101,781-231-4104,,"We know that you have a drop box for ballots.  Can you explain where it's located at the given address? (Record in ""Instructions"" Column L)",Yes,y
PERU,"Town Hall, 3 East Main Road",Dropbox is located to the right of the town hall front door,,Christopher,1235,SOS,,townclerk@townofperuma.com,townclerk@townofperuma.com,413-655-8312 x 2,413-655-8312 ext 2,,,Yes,
FREETOWN,"Town Hall, 3 North Main Street, Assonet",,,Christopher,2702,,,townclerk@freetownma.gov,,508-644-2201 x 2,,,"We know that you have a drop box for ballots.  Can you explain where it's located at the given address? (Record in ""Instructions"" Column L)",Yes,y
ESSEX,"Town Hall, 30 Martin Street ",Dropbox is located outside of front door,,Christopher,1929,SOS,,pthorne@essexma.org,Direct email option,978-768-7111,,,,Yes,
GRAFTON,"Town Hall, 30 Providence Road ",Dropbox is located in front of town hall,,Christopher,1519,SOS,,clerks@grafton-ma.gov,,508-839-5335 x 1195,,,,Yes,
WELLFLEET,"Town Hall, 300 Main St.","The dropbox is a gray box at the back door of town hall near the stairs. It is a universal drop box shared with the tax collector, but there is a large sign above it that says “place ballots in the gray dropbox.""",,Christopher,(zero)2667,email,,jennifer.congel@wellfleet-ma.gov,,508-349-0301,,Do you have a secure drop box for ballots?  What is the address and location on site?,,Yes,
HARDWICK,"Town Hall, 307 Main St. Gilbertville ",Dropbox is located at the top of the front stairs to the right,,Christopher,1082,City Outreach Project,,clerk@townofhardwick.com,,413-477-6700 x 104,,,,Yes,
STURBRIDGE,"Town Hall, 308 Main St.",Secure dropbox is located outside to the right of the town hall back entrance,,Christopher,(zero)1566,email,,townclerk@town.sturbridge.ma.us,townclerk@town.sturbridge.ma.us,508-347-2510,(508) 347-2510,Do you have a secure drop box for ballots?  What is the address and location on site?,,Yes,
LEE,"Town Hall, 32 Main Street ",Dropbox is located in the town hall entryway,,Christopher,1238,SOS,,cbrittain@town.lee.ma.us,cbrittain@town.lee.ma.us,413-243-5505,413-243-5505 ,,,Yes,
ROWE,"Town Hall, 321 Zoar Rd",,,Christopher,1367,,,townclerk@rowe-ma.gov,,413-339-5520,,,"We know that you have a drop box for ballots.  Can you explain where it's located at the given address? (Record in ""Instructions"" Column L)",Yes,y
ROCKPORT,"Town Hall, 34 Broadway",Dropbox is located by back door of town hall,,Christopher,(zero)1966,phone call with town clerk,,pbrown@rockportma.gov,,978-546-6894,"978-546-5000, ext. 40122",Do you have a secure drop box for ballots?  What is the address and location on site?,,Yes,
WESTBOROUGH,"Town Hall, 34 West Main Street",Dropbox is located in front of town hall,,Christopher,(zero)1581,email,Wendy Mickel,wmickel@town.westborough.ma.us,townclerk@town.westborough.ma.us,508-366-3020,(508) 366-3020,Do you have a secure drop box for ballots?  What is the address and location on site?,,Yes,
LAKEVILLE,"Town Hall, 346 Bedford Street",,,Christopher,2347,,,ldrane@lakevillema.org,,508-946-8800,,,"We know that you have a drop box for ballots.  Can you explain where it's located at the given address? (Record in ""Instructions"" Column L)",Yes,y
LANESBOROUGH,"Town Hall, 346 Bedford Street",,,Christopher,1237,,,town.clerk@lanesborough-ma.gov,Town.clerk@lanesborough-ma.gov,413-442-1351,(413) 442-1351,,"We know that you have a drop box for ballots.  Can you explain where it's located at the given address? (Record in ""Instructions"" Column L)",Yes,y
STONEHAM,"Town Hall, 35 Central Street",,,Christopher,2180,,,msagarino@stoneham-ma.gov,,781-279-2650,781-279-2650,,"We know that you have a drop box for ballots.  Can you explain where it's located at the given address? (Record in ""Instructions"" Column L)",Yes,y
ANDOVER,"Town Hall, 36 Bartlet Street",Dropbox is located in front of town hall Bartlet Street entrance,,Christopher,1810,,,Austin.Simko@andoverma.us,Direct email option,978-623-8230,,,,Yes,
HANCOCK,"Town Hall, 3650 Hancock Road",,,Christopher,1237,,,hantclb1@aol.com,,413-738-5225,,,"We know that you have a drop box for ballots.  Can you explain where it's located at the given address? (Record in ""Instructions"" Column L)",Yes,y 
BARNSTABLE,"Town Hall, 367 Main Street ",Drop the ballot off into the black secure lock box located near the entrance of town hall,,Christopher,2601,Cape Cod Times https://www.capecodtimes.com/news/20200730/town-clerks-on-cape-cod-brace-for-onslaught-of-mail-in-ballot-applications,Ann Quirk,ann.quirk@town.barnstable.ma.us,Direct email option,508-862-4044,,,,Yes,
CHARLTON,"Town Hall, 37 Main Street",Dropbox is located outside town hall near accessible parking,,Christopher,1507,SOS,,town.clerk@townofcharlton.net,,508-248-2249,,,,Yes,
AMHERST,"Town Hall, 4 Boltwood Ave",Dropbox is located around the corner at the door on main street,,Christopher,1002,,,townclerk@amherstma.gov,martins@amherstma.gov,413-259-3035,413-259-3035,,,Yes,
WHATELY,"Town Hall, 4 Sandy Lane",,,Christopher,1373,,,townclerk@whately.org,,413-665-4400 x 3,,,"We know that you have a drop box for ballots.  Can you explain where it's located at the given address? (Record in ""Instructions"" Column L)",Yes,y
SUTTON,"Town Hall, 4 Uxbridge Rd",Drop box is located on the sidewalk in front of town hall,,Christopher,(zero)1590,email,Laura Caruso,l.caruso@town.sutton.ma.us,,508-865-8725,,Do you have a secure drop box for ballots?  What is the address and location on site?,,Yes,
SOUTHBRIDGE,"Town Hall, 41 Elm Street",Drop ballots in the  “payment box” on the side of the building,,Christopher,(zero)1550,email,Madaline Bonadies,mbonadies@southbridgemass.org,,508-764-5408,508-764-5408,Do you have a secure drop box for ballots?  What is the address and location on site?,,Yes,
COHASSET,"Town Hall, 41 Highland Ave",,,Christopher,2025,https://www.cohassetma.org/244/Town-Clerk,Carol St. Pierre,cstpierre@cohassetma.org,,781-383-4100 x 105,,,"We know that you have a drop box for ballots.  Can you explain where it's located at the given address? (Record in ""Instructions"" Column L)",Yes,y
PALMER,"Town Hall, 4417 Main Street",,,Christopher,1069,,,scoache@townofpalmer.com,,413-283-2608,,,"We know that you have a drop box for ballots.  Can you explain where it's located at the given address? (Record in ""Instructions"" Column L)",Yes,y
BELMONT,"Town Hall, 455 Concord Avenue","Secure, marked dropbox is located on the driveway side of Town Hall",,Christopher,2478,https://www.belmont-ma.gov/town-clerk/pages/elections-vote-by-mail,,townclerk@belmont-ma.gov,townclerk@belmont-ma.gov,617-993-2600,(617) 993-2600,,,Yes,
WARREN,"Town Hall, 48 High Street",,,Christopher,1083,,,lowell@warren-ma.gov,,413-436-5701 x 3,,,,Yes,y
MIDDLETON,"Town Hall, 48 South Main Street",,,Christopher,1949,,,townclerk@middletonma.gov,Ilene.Twiss@middletonma.gov,978-774-6927,,,"We know that you have a drop box for ballots.  Can you explain where it's located at the given address? (Record in ""Instructions"" Column L)",Yes,y
LUDLOW,"Town Hall, 488 Chapin Street ",Dropbox is located behind town hall on the left side of the double doors,,Christopher,1056,SOS,,clerk@ludlow.ma.us,clerk@ludlow.ma.us,413-583-5600 x 1231,(413) 583-5600 x1230,,,Yes,
HALIFAX,"Town Hall, 499 Plymouth Street",,,Christopher,2338,,Barbara Gaynor,barbara.gaynor@halifax-ma.org,,781-293-7970,,,"We know that you have a drop box for ballots.  Can you explain where it's located at the given address? (Record in ""Instructions"" Column L)",Yes,y
SALISBURY,"Town Hall, 5 Beach Road",Dropbox is located in the corner between the stairs and the accessibility ramp at the side entrance of town hall,,Christopher,(zero)1952,email,,townclerk@salisburyma.gov,townclerk@salisburyma.gov,978-462-7591,(978) 462-7591,Do you have a secure drop box for ballots?  What is the address and location on site?,,Yes,
DOVER,"Town Hall, 5 Springdale Avenue",Drop ballots in the Treasurer's payment box in the semi circle drive,,Christopher,2030,City Outreach Project,Felicia Hoffman,townclerk@doverma.org, info @ doverma.org,508-785-0032 x 226,508-785-0032 ext. 226,,,Yes,
CHELMSFORD,"Town Hall, 50 Billerica Road",Dropbox is located in front of the town hall,,Christopher,1824,SOS,,townclerk@townofchelmsford.us,Direct email option,978-250-5205,,,,Yes,
STOCKBRIDGE,"Town Hall, 50 Main Street ","There are three dropboxes: One outside the main front door, one outside the police lobby, and one inside the downstairs lobby ",,Christopher,1262,SOS,,clerk@townofstockbridge.com,clerk@townofstockbridge.com,413-298-4170 x 251,413-298-4170 ext 251,,,Yes,
MILTON,"Town Hall, 525 Canton Ave",Dropbox is located directly on the north side of the building,,Christopher,2186,https://www.miltonscene.com/2020/05/town-clerk-encourages-voters-to-vote-by-mail-for-annual-town-election-june-9-2020/,Susan Galvin,sgalvin@townofmilton.org,Direct email option,617-898-4859,(617) 898-4859,,,Yes,
WELLESLEY,"Town Hall, 525 Washington Street",Elections & Payment Drop Box outside of Town Hall entrance,,Christopher,2482,,,kckato@wellesleyma.gov,kckato@wellesleyma.gov,781-431-1019 x 2250,,,"We know that you have a drop box for ballots.  Can you explain where it's located at the given address? (Record in ""Instructions"" Column L)",Yes,
WAREHAM,"Town Hall, 54 Marion Rd",Dropbox is located right next to the collector's dropbox on the left side of the driveway.,,Christopher,(zero)2571,email,,mbissonnette@wareham.ma.us,clerk@wareham.ma.us,508-291-3100 x 3143,,Do you have a secure drop box for ballots?  What is the address and location on site?,,Yes,
HANSON,"Town Hall, 541 Liberty Street ",Dropbox is located at front of building,,Christopher,2341,SOS,Elizabeth Sloan,townclerk@hanson-ma.gov,,781-293-2772,,,,Yes,
CHATHAM,"Town Hall, 549 Main Street",Place in secure dropbox outside main entrance ,,Christopher,2633,FB,,jsmith@chatham-ma.gov,,508-945-5101,(508) 945-5101,,,Yes,
WESTFORD,"Town Hall, 55 Main Street","Dropbox is located at the back entrance to town hall, which is on the sidewalk between the town hall and the police station

 ",,Christopher,"(zero)1886
",email,Patty Dubey,townclerk@westfordma.gov,pdubey@westfordma.gov,978-692-5515,,Do you have a secure drop box for ballots?  What is the address and location on site?,,Yes,
LYNNFIELD,"Town Hall, 55 Summer Street",,,Christopher,1940,,Linda Emerson,lemerson@town.lynnfield.ma.us,Direct email option,781-334-9401,,,"We know that you have a drop box for ballots.  Can you explain where it's located at the given address? (Record in ""Instructions"" Column L)",Yes,y
HANOVER,"Town Hall, 550 Hanover Street ",Dropbox is located at front of Town Hall,,Christopher,2339,SOS,,clerk@hanover-ma.gov,,781-826-5000 x 1079,,,,Yes,
BECKET,"Town Hall, 557 Main Street",Dropbox is located on the Town Hall front porch,,Christopher,1223,SOS,,townclerk@townofbecket.org,,413-623-8934 x 11,413-623-8934 Ext111,,,Yes,
RAYNHAM,"Town Hall, 558 South Main Street",,,Christopher,2767,,,msilvia@town.raynham.ma.us,,508-824-2700,,,"We know that you have a drop box for ballots.  Can you explain where it's located at the given address? (Record in ""Instructions"" Column L)",Yes,y
HAMILTON,"Town Hall, 577 Bay Rd, South Hamilton",,,Christopher,1982,,,sgeorge@hamiltonma.gov,sgeorge@hamiltonma.gov,978-468-5570 x 3,,,"We know that you have a drop box for ballots.  Can you explain where it's located at the given address? (Record in ""Instructions"" Column L)",Yes,y
HATFIELD,"Town Hall, 59 Main Street",Drop Box on the South Side of building,,Christopher,1038,SOS,,townclerk@townofhatfield.org,,413-247-0492 x 112,,,,Yes,
FALMOUTH,"Town Hall, 59 Town Hall Square",Dropbox is a grey mail box on the left of the walk way to the front middle entrance to Town Hall ,,Christopher,2540,Through community captain,,michael.palmer@falmouthma.gov,michael.palmer@falmouthma.gov,508-495-7353,508-495-7350,,"We know that you have a drop box for ballots.  Can you explain where it's located at the given address? (Record in ""Instructions"" Column L)",Yes,
MANSFIELD,"Town Hall, 6 Park Row",You can drop your ballot in the dropbox located at town hall.,,Christopher,2048,,,mstaples@mansfieldma.com,mstaples@mansfieldma.com,508-261-7345,,,"We know that you have a drop box for ballots.  Can you explain where it's located at the given address? (Record in ""Instructions"" Column L)",Yes,y
ORANGE,"Town Hall, 6 Prospect Street ",You can drop your ballot in the dropbox located at town hall.,,Christopher,1364,,,townclerk@townoforange.org,,978-544-1100 x 101,,,"We know that you have a drop box for ballots.  Can you explain where it's located at the given address? (Record in ""Instructions"" Column L)",Yes,y
EAST LONGMEADOW,"Town Hall, 60 Center Square",You can drop your ballot in the dropbox located at town hall.,,Christopher,1028,,,jeanne.quaglietti@eastlongmeadowma.gov,,413-525-5400 x 1001,,,"We know that you have a drop box for ballots.  Can you explain where it's located at the given address? (Record in ""Instructions"" Column L)",Yes,y
SCITUATE,"Town Hall, 600 Chief Justice Cushing Hwy",Drop ballots in the mail slot at town hall,,Christopher,2066,https://scituate.wickedlocal.com/news/20200509/important-scituate-town-election-information,Kathleen Gardner,kgardner@scituatema.gov,,781-545-8743,781-545-8743,,,Yes,
DRACUT,"Town Hall, 62 Arlington Street",Dropbox is located in front of town hall,,Christopher,1826,SOS,,shardy@dracutma.gov,Direct email option,978-453-0951 X 255,,,,Yes,
NORTHBOROUGH,"Town Hall, 63 Main Street",Drop ballots in the mail slot ,,Christopher,1532,SOS,,townclerk@town.northborough.ma.us,townclerk@town.northborough.ma.us,508-393-5001,(508) 393-5001,,,Yes,
WEST BRIDGEWATER,"Town Hall, 65 North Main Street",You can drop your ballot in the dropbox located at town hall.,,Christopher,2379,,Anne Iannitelli,townclerk@wbridgewater.com,,508-894-1167,,,"We know that you have a drop box for ballots.  Can you explain where it's located at the given address? (Record in ""Instructions"" Column L)",Yes,y
BOLTON,"Town Hall, 663 Main Street ",Drop ballots in the main door drop slot ,,Christopher,1740,SOS,,townclerk@townofbolton.com,Direct email option,978-779-2771,(978) 779-2771,,,Yes,
DENNIS,"Town Hall, 685 MA-134, South Dennis ",The drop box is located at the front entrance at the bottom of the steps ,,Christopher,2660,FB,,tbunce@town.dennis.ma.us,Direct email option,508-760-6112,	(508) 760-6112,,,Yes,
PAXTON,"Town Hall, 697 Pleasant Street",Ther are two dropboxes: One next to the main entrance & one at the bottom of the side door entrance stairs  ,,Christopher,1612,SOS,Laurie Becker,lbecker@townofpaxton.net,,508-799-7347 x 13,,,,Yes,
SHIRLEY,"Town Hall, 7 Keady Way ",Dropbox is located on the wall to the left of the front door,,Christopher,1464,SOS,,clerk@shirley-ma.gov,Clerk@shirley-ma.gov,978-425-2600 x 1,(978) 425-2600 Ext. 1,,,Yes,
NORTHBRIDGE,"Town Hall, 7 Main Street, Whitinsville",You can drop your ballot in the dropbox located at town hall.,,Christopher,1588,,,vote@northbridgemass.org, dcedrone@northbridgemass.org,508-234-2001,508-234-2001,,"We know that you have a drop box for ballots.  Can you explain where it's located at the given address? (Record in ""Instructions"" Column L)",Yes,y
EDGARTOWN,"Town Hall, 70 Main Street ",Dropbox is located in the inside lobby,,Christopher,2539,SOS,,kmedeiros@edgartown-ma.us,kmedeiros@edgartown-ma.us,508-627-6110,,,,Yes,
HOLLISTON,"Town Hall, 703 Washington Street",You can drop your ballot in the dropbox located at town hall.,,Christopher,1746,,,greendalee@holliston.k12.ma.us,Direct email option,508-429-0601,(508) 210-5530,,"We know that you have a drop box for ballots.  Can you explain where it's located at the given address? (Record in ""Instructions"" Column L)",Yes,y
WINCHESTER,"Town Hall, 71 Mount Vernon Street ",There are two dropboxes: one near the front door and one near the back door,,Christopher,1890,SOS,,townclerk@winchester.us,townclerk@winchester.us,781-721-7130,,,,Yes,
DUDLEY,"Town Hall, 71 West Main Street",Dropbox is located in the Police Lobby,,Christopher,1571,SOS,,townclerk@dudleyma.gov,,508-949-8004,,,,Yes,
HARWICH,"Town Hall, 732 Main Street",You can drop your ballot in the dropbox located at town hall.,,Christopher,2645,,,adoucette@town.harwich.ma.us,Direct email option,508-430-7516 x 5,(508) 430-7516,,"We know that you have a drop box for ballots.  Can you explain where it's located at the given address? (Record in ""Instructions"" Column L)",Yes,y
HOPEDALE,"Town Hall, 78 Hopedale Street",Drop ballots in the mail slot at the general office door,,Christopher,1747,SOS,,lpedroli@hopedale-ma.gov,,508-634-2203 x 215,,,,Yes,
HUDSON,"Town Hall, 78 Main Street ",Drop ballots in the mail slot in front of town hall,,Christopher,1749,SOS,,jwordell@townofhudson.org,,978-568-9615,,,,Yes,
WRENTHAM,"Town Hall, 79 South Street, Wrentham, MA","Dropbox is located outside town hall, on right side of main entrance",,Christopher,2093,SOS,,cthompson@wrentham.ma.us,,508-384-5415,,,,Yes,
BOXFORD,"Town Hall, 7A Spofford Rd",Dropbox is located opposite the mail slot in front of town hall,,Christopher,1921,,Robin Phelan,rphelan@town.boxford.ma.us,Direct email option,978-887-0710,,,,Yes,
ADAMS,"Town Hall, 8 Park Street",Dropbox is located in front of town hall,,Christopher,1220,City Outreach Project,Haley Meczywor,hmeczywor@town.adams.ma.us,,413-743-8300 x 176,413-743-8300 ext 113,,,Yes,
HAWLEY,"Town Hall, 8 Pudding Hollow Road",You can drop your ballot in the dropbox located at town hall.,,Christopher,1339,,,townclerk@townofhawley.com,,413-339-5518,,,"We know that you have a drop box for ballots.  Can you explain where it's located at the given address? (Record in ""Instructions"" Column L)",Yes,y
WASHINGTON,"Town Hall, 8 Summit Hill Road",You can drop your ballot in the dropbox located at town hall.,,Christopher,1223,,,washington.ma.townclerk@gmail.com,,413-623-8878,,,"We know that you have a drop box for ballots.  Can you explain where it's located at the given address? (Record in ""Instructions"" Column L)",Yes,y
TOPSFIELD,"Town Hall, 8 West Common Street ",Dropbox is located in front on the street-side entrance,,Christopher,1983,SOS,,clerk@topsfield-ma.gov,,978-887-1505,978-887-1505,,,Yes,
CANTON,"Town Hall, 801 Washington Street ",Drop ballots in the town hall payment box,,Christopher,2021,SOS,,tkenney@town.canton.ma.us,tkenney@town.canton.ma.us,781-821-5013,781-821-5013,,,Yes,
WESTPORT,"Town Hall, 816 Main Road",Drop ballots in the red dropbox in front of the main town hall,,Christopher,2790,,,clerk@westport-ma.gov,,508-636-1000,,,"We know that you have a drop box for ballots.  Can you explain where it's located at the given address? (Record in ""Instructions"" Column L)",Yes,
DUXBURY,"Town Hall, 878 Tremont St",Dropbox is located outside the back door of the town hall,,Christopher,2332,https://www.facebook.com/DuxburyMATownClerk/posts/2874554712651993?comment_id=3196475487126579&reply_comment_id=3196476867126441&notif_id=1597703800168240&notif_t=comment_mention&ref=notif,Susan C Kelley,kelley@town.duxbury.ma.us,,781-934-1100 x 5450,,,,Yes,
ASHBY,"Town Hall, 895 Main Street ",Dropbox is located next to town hall,,Christopher,1431,SOS,,tclerk@ashbyma.gov,,978-386-2424 x 10,,,,Yes,
WINTHROP,"Town Hall, One Metcalf Square ",There are two dropboxes: one by the front door and one in the Hermon Street parking lot,,Christopher,2093,SOS,,cvitale@town.winthrop.ma.us,,617-846-1742,(617) 846-1742,,,Yes,
WEST TISBURY,"Town Hall,1059 State Road ",There are two dropboxes: one outside town hall and one in the town hall lobby,,Christopher,2575,SOS,,townclerk@westtisbury-ma.gov,,508-696-0148,,,,Yes,
MANCHESTER-BY-THE-SEA,Town Hall: 10 Central St,Dropbox is located behind town hall,,Christopher,1944,http://manchester.ma.us/503/Town-Meetings-and-Elections,,townclerk@manchester.ma.us,,978-526-2040,,Do you have a secure drop box for ballots?  What is the address and location on site?,,Yes,x
MIDDLEBOROUGH,Town Hall: 10 Nickerson Ave,Dropbox is located in the town hall parking lot,,Christopher,2346,https://www.middleborough.com/156/Election-Information,,aferreira@middleborough.com,,508-946-2415,,Do you have a secure drop box for ballots?  What is the address and location on site?,,Yes,x
HADLEY,Town Hall: 100 Middle Street,Dropbox is located at the side door of town hall,,Christopher,1035,Phone call,,clerk@hadleyma.org,,413-584-1590,,Do you have a secure drop box for ballots?  What is the address and location on site?,,Yes,x
MILLBURY,Town Hall: 127 Elm Street,Dropbox is located outside of town hall,,Christopher,1527,https://www.millbury-ma.org/home/news/office-town-clerk,,jdavolio@townofmillbury.net,Direct email option,508-865-9110,508) 865-9110,Do you have a secure drop box for ballots?  What is the address and location on site?,,Yes,x
MASHPEE,Town Hall: 16 Great Neck Rd. N.,Dropbox is located at the front of the building by the front door,,Christopher,2649,Phone Call,,ddami@mashpeema.gov,Direct email option,508-539-1400 x 8534,(508) 539-1400 ext. 8534,Do you have a secure drop box for ballots?  What is the address and location on site?,,Yes,x
GROVELAND,Town Hall: 183 main street,Dropbox is located inside the building,,Christopher,1834,Phone call,Elizabeth Cunniff,ecunniff@grovelandma.com,ECunniff@grovelandma.com,978-556-7200 x 221,,Do you have a secure drop box for ballots?  What is the address and location on site?,,Yes,x
MIDDLEFIELD,Town Hall: 188 Skyline Trail,Dropboxes not present as of yet but will most likely be outside the front door to town hall,,Christopher,1243,Phone Call,,townclerk@middlefieldma.net,townclerk@middlefieldma.net,413-623-2079,413-623-2079,Do you have a secure drop box for ballots?  What is the address and location on site?,,Yes,x
MAYNARD,Town Hall: 195 Main Street ,Dropbox is located right in front of town hall.,,Christopher,1754,Phone Call,,clerk@townofmaynard.net,clerk@townofmaynard.net,978-897-1300,	978-897-1300,Do you have a secure drop box for ballots?  What is the address and location on site?,,Yes,x
BELCHERTOWN,Town Hall: 2 Jabish St,Dropbox is located next to ramp entrance near the elevators,,Christopher,(zero)1007,Phone call,,clerk@belchertown.org,clerk@belchertown.org,413-323-0281,(413) 323-0281,Do you have a secure drop box for ballots?  What is the address and location on site?,,Yes,x
HULL,Town Hall: 253 Atlantic Ave.,Dropbox is located in front of town hall,,Christopher,(zero)2045,https://www.town.hull.ma.us/sites/g/files/vyhlif3286/f/uploads/2020_election_information_website_posting_3.pdf,,lwest@town.hull.ma.us,lwest@town.hull.ma.us,781-925-2000,(781) 925-2262,Do you have a secure drop box for ballots?  What is the address and location on site?,,Yes,x
BILLERICA,Town Hall: 365 Boston Road,Drop ballots in mailbox on right hand side of building,,Christopher,01821,phone call,Shirley Schult,sschult@town.billerica.ma.us,sschult@town.billerica.ma.us,978-671-0926,978-671-0924,Do you have a secure drop box for ballots?  What is the address and location on site?,,Yes,x
LITTLETON,Town Hall: 37 Shattuck St.,Dropbox is located on the side of the building,,Christopher,1460,Phone Call,,dcrory@littletonma.org,Direct email option,978-540-2401,(978) 540-2401,Do you have a secure drop box for ballots?  What is the address and location on site?,,Yes,x
ACTON,Town Hall: 472 Main St.,Dropbox is located to the right hand side of the main entry doors of town hall,,Christopher,(zero)1720,https://www.acton-ma.gov/598/Elections-Voting,Nathan Fragala,clerk@acton-ma.gov,nfragala@acton-ma.gov,978-929-6620,,Do you have a secure drop box for ballots?  What is the address and location on site?,,Yes,x
MILFORD,Town Hall: 52 Main Street,Dropbox is located on the north box side of town hall on the second landing up the stairs,,Christopher,1757,https://www.milfordma.gov/tax-collector/urgent-alerts/town-hall-drop-box,,aneves@townofmilford.com,aneves@townofmilford.com,508-634-2307,,Do you have a secure drop box for ballots?  What is the address and location on site?,,Yes,x
CARLISLE,Town Hall: 66 Westford Street ,Dropbox is located to the left of the front main doors,,Christopher,01741,https://www.carlislema.gov/159/Town-Clerk,,townclerk@carlislema.gov,townclerk@carlislema.gov,978-369-6155,978-369-6155,Do you have a secure drop box for ballots?  What is the address and location on site?,,Yes,x
LEVERETT,Town Hall: 9 Montague Rd.,Dropbox is located right outside the building,,Christopher,1054,https://leverett.ma.us/n/1072/Elections,Lisa Stratford,townclerk@leverett.ma.us,,413-548-9150,,Do you have a secure drop box for ballots?  What is the address and location on site?,,Yes,x
MILLIS,Town Hall: 900 Main St.,Dropbox is located to the left of the elevator entrance,,Christopher,2054,Phone call,,lhardin@millis.net,DIrect email option,508-376-7046,,Do you have a secure drop box for ballots?  What is the address and location on site?,,Yes,x
AQUINNAH,Town Hall: 955 State Road,Dropbox is located to the left of the main entrance to the town offices on the outside of the building,,Christopher,(zero)2535,https://www.aquinnah-ma.gov/home/news/state-primary-election-and-general-election-information,,townclerk@aquinnah-ma.gov,,508-645-2304,,Do you have a secure drop box for ballots?  What is the address and location on site?,,Yes,x
SOUTHBOROUGH,"Town House, 17 Common Street",You can drop your ballot in the dropbox located at town house.,,Christopher,1772,,,townclerk@southboroughma.com,townclerk@southboroughma.com,508-485-0710 x 3005,(508) 485-0710 x 3005,,"We know that you have a drop box for ballots.  Can you explain where it's located at the given address? (Record in ""Instructions"" Column L)",Yes,y
MARION,"Town House, 2 Spring Street",Dropbox is located in front of town house,,Christopher,2738,SOS,,lmagauran@marionma.gov,,508-748-3502,,,,Yes,
CONCORD,"Town House, 22 Monument Square",The dropbox is located next to the entrance on the left side of the town house,,Christopher,1742,https://concordma.gov/342/Town-Clerk,,townclerk@concordma.gov,townclerk@concordma.gov,978-318-3080, 978-318-3080,,,Yes,
HAMPDEN,"Town House, 625 Main Street","Dropbox is located behind the town house, to the left of the foyer",,Christopher,1036,SOS,,townclerk@hampdenma.gov,,413-566-2151 x 103,,,,Yes,
WILLIAMSBURG,"Town Office, 141 Main Street, Haydenville","Dropbox is located by the main entrance to the town office, which is located in the back where the parking lot is",,Christopher,(zero)1039,email,Brenda Lessard,townclerk@burgy.org,,413-268-8402,(413) 268-8400,Do you have a secure drop box for ballots?  What is the address and location on site?,,Yes,
REVERE,"will be installed on Monday, will follow up on location",dcolella@revere.org,,Christopher,,email,Diane Colella,dcolella@revere.org,amelnik@revere.org,781-286-8200 x 1,781-286-8160,Do you have a secure drop box for ballots?  What is the address and location on site?,,,